datetime,bank,defense,food
2011/7/1,2155.25,1169.4,5743.26
2011/7/4,2212.7,1190.84,5826.15
2011/7/5,2201.84,1202.82,5830.56
2011/7/6,2177.34,1205.01,5887.46
2011/7/7,2174.97,1191.94,5951.75
2011/7/8,2201.67,1211.32,5938.81
2011/7/11,2187.94,1222.85,6040.24
2011/7/12,2153.33,1199.54,5991.84
2011/7/13,2186.36,1210.98,6070.79
2011/7/14,2188.63,1216.67,6034.77
2011/7/15,2197.37,1227.65,6064.35
2011/7/18,2187.44,1249.25,6126.41
2011/7/19,2162.3,1243.36,6091.95
2011/7/20,2160.33,1244.68,6155.82
2011/7/21,2142.47,1226.89,6211.31
2011/7/22,2136,1232.83,6256.16
2011/7/25,2081.25,1211.27,6115.07
2011/7/26,2085.14,1228.62,6097.87
2011/7/27,2079.67,1251.96,6180.73
2011/7/28,2046.98,1226.6,6215.14
2011/7/29,2093.68,1188.53,6180.99
2011/8/1,2077.62,1182.71,6129.1
2011/8/2,2062.22,1171.32,6082.11
2011/8/3,2060.71,1169.64,6148.25
2011/8/4,2058.46,1182.64,6216.3
2011/8/5,2011.41,1162.41,6147.35
2011/8/8,1959.4,1103,6002.54
2011/8/9,1976.83,1118.07,6035.48
2011/8/10,1985.62,1127.57,6184.89
2011/8/11,2017.72,1133.91,6396.16
2011/8/12,2016.31,1138.36,6436.78
2011/8/15,2074.46,1147.95,6413.12
2011/8/16,2071.06,1126.81,6363.9
2011/8/17,2069.98,1120.91,6358.42
2011/8/18,2037.69,1109.73,6285.14
2011/8/19,2022.67,1102.87,6308.62
2011/8/22,2009.8,1086.92,6149.49
2011/8/23,2050.81,1098.24,6189.93
2011/8/24,2037.42,1102.1,6230.92
2011/8/25,2128.6,1125.13,6293.57
2011/8/26,2122.59,1126.99,6329.6
2011/8/29,2062.49,1112.83,6375.83
2011/8/30,2068.24,1092.81,6324.4
2011/8/31,2082.84,1081.79,6337.15
2011/9/1,2090.52,1079.07,6240.87
2011/9/2,2066.42,1063.14,6195.29
2011/9/5,2039.95,1036.21,6104.59
2011/9/6,2036.38,1023,5998.94
2011/9/7,2075.79,1038.26,6127.27
2011/9/8,2065.7,1022.75,6071.98
2011/9/9,2067.53,1024.41,6024.38
2011/9/13,2053.33,998.44,5935.71
2011/9/14,2049.02,1013.59,5925.66
2011/9/15,2032.24,1014.54,5942.44
2011/9/16,2046.15,1015.42,5979.85
2011/9/19,2007.28,995.57,5922.51
2011/9/20,2019.89,1008.76,5905.01
2011/9/21,2063.17,1035.6,6019.4
2011/9/22,2008.83,1006.13,5869.31
2011/9/23,1999.53,1002.71,5755.4
2011/9/26,1949.73,983.74,5623.94
2011/9/27,1968.52,989.38,5642
2011/9/28,1951.92,978.19,5569.85
2011/9/29,1956.57,939.1,5508.1
2011/9/30,1956.69,920.77,5558.37
2011/10/10,1935.92,902.06,5500.36
2011/10/11,1967.09,896.93,5444.41
2011/10/12,2033.23,924.89,5594.55
2011/10/13,2036.23,937.95,5655.65
2011/10/14,2039.21,930.06,5614.86
2011/10/17,2055.53,943.14,5715.46
2011/10/18,2023,934.35,5648.32
2011/10/19,2030.5,925.47,5654.45
2011/10/20,2003.29,878.75,5502.5
2011/10/21,2026.59,860.74,5500.22
2011/10/24,2079.67,880.64,5636.68
2011/10/25,2095.15,902.06,5718.71
2011/10/26,2094.61,911.26,5765.26
2011/10/27,2113.45,914.1,5765.95
2011/10/28,2135.39,935.16,5857.46
2011/10/31,2112.87,943.8,5845.27
2011/11/1,2113.43,940.01,5895.57
2011/11/2,2149.26,948.91,5979.06
2011/11/3,2127.62,954.67,5969.27
2011/11/4,2138.93,974.57,5983.85
2011/11/7,2110.46,975.35,5960.88
2011/11/8,2116.57,962.41,5937.59
2011/11/9,2131.33,977.47,6012.38
2011/11/10,2088.73,967.87,5958.2
2011/11/11,2089.37,960.18,5943.51
2011/11/14,2116.75,983.96,6038.43
2011/11/15,2099.76,992.93,5995.43
2011/11/16,2050.97,970.32,5893.8
2011/11/17,2046.73,977.02,5914.01
2011/11/18,2030.53,952.26,5827.2
2011/11/21,2024.96,942.43,5856.21
2011/11/22,2031.24,935.99,5964.86
2011/11/23,2015.74,933.72,6021.73
2011/11/24,2025.97,925.48,6053.12
2011/11/25,2009.91,915.04,6105.62
2011/11/28,2010.46,911.67,6145.57
2011/11/29,2031.86,947.93,6144.14
2011/11/30,1985.62,902.83,6028.65
2011/12/1,2041.1,919.62,6081.56
2011/12/2,2044.32,901.18,6046.63
2011/12/5,2055.28,873.77,5877.91
2011/12/6,2042.04,873.44,5819.91
2011/12/7,2053.44,887.94,5842.5
2011/12/8,2055.16,883.48,5795.47
2011/12/9,2043.75,870.84,5671.48
2011/12/12,2040.46,862.4,5602.79
2011/12/13,2013.47,819.73,5491.45
2011/12/14,2009.44,800.42,5430.32
2011/12/15,1980.96,769.24,5373.7
2011/12/16,2015.64,787.16,5453.57
2011/12/19,2019.2,809.82,5415.9
2011/12/20,2015.35,796.86,5408.27
2011/12/21,2007,775.37,5332.57
2011/12/22,2019.02,770.19,5317.99
2011/12/23,2018.89,775.52,5329.22
2011/12/26,2006.29,766.52,5199.41
2011/12/27,2000.24,753.83,5034.66
2011/12/28,1993.42,748.79,5028.04
2011/12/29,1994.86,751.68,5086.34
2011/12/30,2021.55,760.65,5165.66
2012/1/4,2003.33,749.85,4967.09
2012/1/5,2041.07,721.34,4878.25
2012/1/6,2054.25,714.82,4922.14
2012/1/9,2097.7,739.73,5007.18
2012/1/10,2118,769.77,5179.82
2012/1/11,2103.69,772.34,5152.88
2012/1/12,2117.58,775.22,5125.89
2012/1/13,2110.94,745.72,5038.69
2012/1/16,2100.83,719.94,4792.88
2012/1/17,2147.91,763.51,4952.36
2012/1/18,2118.87,750.9,4799.08
2012/1/19,2152.81,753.18,4873.24
2012/1/20,2194.28,759.98,5002.76
2012/1/30,2153.17,757.14,4945.48
2012/1/31,2157.32,762.95,5000.59
2012/2/1,2126.69,750.8,5005.97
2012/2/2,2190.82,764.9,5047.6
2012/2/3,2206.77,780.7,5076.97
2012/2/6,2199.95,777.29,5157.55
2012/2/7,2167.23,772.17,5093.16
2012/2/8,2214.55,793.77,5196.81
2012/2/9,2207.73,796.37,5222.42
2012/2/10,2191.29,796.87,5244.25
2012/2/13,2170.57,805.14,5317.41
2012/2/14,2161.41,806.01,5313.19
2012/2/15,2165.99,827.17,5358.5
2012/2/16,2160.31,821.33,5305.53
2012/2/17,2170.16,823.9,5306.61
2012/2/20,2172.34,829.77,5292.6
2012/2/21,2181.17,837.48,5365.7
2012/2/22,2184.11,849.46,5417.29
2012/2/23,2181.3,852.49,5466.22
2012/2/24,2207.09,866.07,5529.9
2012/2/27,2203.01,864.04,5542.64
2012/2/28,2227.75,856.58,5574.63
2012/2/29,2215.64,846.69,5606.48
2012/3/1,2214.71,858.03,5589.03
2012/3/2,2234.12,876.8,5615.01
2012/3/5,2212.1,883.02,5612.32
2012/3/6,2178.43,885.77,5562.56
2012/3/7,2153.5,899.51,5539.84
2012/3/8,2165.37,903.16,5592.74
2012/3/9,2168.09,913.38,5759.86
2012/3/12,2147.5,921.69,5786.27
2012/3/13,2168.09,925,5877
2012/3/14,2142.23,879.26,5742.34
2012/3/15,2129.4,860.97,5796.35
2012/3/16,2134.86,874.5,6033.75
2012/3/19,2125.31,880.42,5984.33
2012/3/20,2098.87,857.25,5897.67
2012/3/21,2097.23,859.91,5838.56
2012/3/22,2111.82,861.68,5826.04
2012/3/23,2103.93,842.84,5818.26
2012/3/26,2113.22,836.09,5903.5
2012/3/27,2112.34,841.77,5686.72
2012/3/28,2079.64,802.99,5556.89
2012/3/29,2061.21,768.98,5519.1
2012/3/30,2088.45,777.59,5413.55
2012/4/5,2082.2,804.22,5644.02
2012/4/6,2081.69,803.51,5737.12
2012/4/9,2059.01,794.14,5725.6
2012/4/10,2074.53,804.16,5735.26
2012/4/11,2071.97,814.45,5732.54
2012/4/12,2115.59,836.13,5820.69
2012/4/13,2113.37,830.75,5805.53
2012/4/16,2103.27,821.87,5792.34
2012/4/17,2092.07,819.47,5714.67
2012/4/18,2124.69,838.86,5771.35
2012/4/19,2124.61,842.36,5686.79
2012/4/20,2157.97,852.19,5738.42
2012/4/23,2143.9,887.76,5694.1
2012/4/24,2177.89,859.51,5673.92
2012/4/25,2179.62,855.55,5691.08
2012/4/26,2173.49,867.15,5752.71
2012/4/27,2178.83,854.11,5859.82
2012/5/2,2206.08,860.06,5898.39
2012/5/3,2192.62,865.99,5982.47
2012/5/4,2204.69,877.22,6112.5
2012/5/7,2198.71,878.73,6159.3
2012/5/8,2193.95,884.13,6111.35
2012/5/9,2162.42,903.6,6031.42
2012/5/10,2158.36,889.27,6023.2
2012/5/11,2147.41,871.26,6030.78
2012/5/14,2131.18,861.5,5912.39
2012/5/15,2122.18,853.37,5937.54
2012/5/16,2089.38,837.78,5855.44
2012/5/17,2110.66,842.1,5904.12
2012/5/18,2080.86,816.55,5824.93
2012/5/21,2086.56,814.74,5935.91
2012/5/22,2105.8,830.23,6058.28
2012/5/23,2089.31,821.81,6082.48
2012/5/24,2073.62,823,5880.21
2012/5/25,2066.9,814.61,5799.66
2012/5/28,2084.16,821.22,5890
2012/5/29,2104.55,835.92,5919.75
2012/5/30,2091.96,832.72,5907.21
2012/5/31,2066.34,831.87,5962.12
2012/6/1,2066.59,823.87,6028.26
2012/6/4,2021.95,787.68,5925.89
2012/6/5,2031.25,786.51,5951.75
2012/6/6,2046.06,786.71,5909.47
2012/6/7,2028.13,778.16,5907.78
2012/6/8,1983.09,780.24,5872.17
2012/6/11,1983.2,797.63,5868.97
2012/6/12,1969.9,791.48,5843
2012/6/13,1981.83,799.69,6002.45
2012/6/14,1956.95,797.35,6083.53
2012/6/15,1995.74,795.98,6013.05
2012/6/18,1998.42,794.95,6071.17
2012/6/19,2002.14,782.41,6017.3
2012/6/20,2002.32,780.13,5987.77
2012/6/21,1985.17,765.55,5913.26
2012/6/25,1978.25,752,5832.54
2012/6/26,1960.87,749.87,5801.42
2012/6/27,1952.44,750.56,5870.42
2012/6/28,1942.14,744.46,5832.68
2012/6/29,1972.19,753.18,5942.24
2012/7/2,1965.26,753.11,6044.94
2012/7/3,1969.88,756.97,6145.5
2012/7/4,1980.25,764.18,6162.44
2012/7/5,1972.13,745.52,6066.33
2012/7/6,1952.42,751.57,6315.55
2012/7/9,1893.91,732.51,6251.34
2012/7/10,1895.35,723.77,6166.09
2012/7/11,1888.16,726.23,6320.81
2012/7/12,1880.18,731.22,6362.15
2012/7/13,1891.84,722.46,6413.89
2012/7/16,1879.07,695.56,6285.8
2012/7/17,1893.91,695.61,6158.76
2012/7/18,1890.02,704.43,6081.66
2012/7/19,1889.45,710.97,6085.66
2012/7/20,1873.53,704.12,6012.15
2012/7/23,1840.5,695.79,5928.88
2012/7/24,1830.08,703.28,6021.72
2012/7/25,1827.88,702.28,6029.81
2012/7/26,1827.26,695.68,5948.63
2012/7/27,1853.01,694.53,5919.45
2012/7/30,1866.82,683.58,5882
2012/7/31,1892.62,660.36,5756.36
2012/8/1,1892.85,668.1,5788.5
2012/8/2,1902.12,655.87,5746.13
2012/8/3,1901.46,668.91,5853.44
2012/8/6,1898.03,683.32,5941.55
2012/8/7,1891.41,690.77,5977.11
2012/8/8,1905.52,688.99,5939.49
2012/8/9,1908.59,696.89,6147.01
2012/8/10,1916.31,698.08,6017.92
2012/8/13,1913.28,689.54,5969.47
2012/8/14,1922.31,688.75,5983.15
2012/8/15,1889.17,686.25,5913.6
2012/8/16,1883.07,692.31,5804.61
2012/8/17,1892.55,688.38,5663.6
2012/8/20,1879.34,688.68,5732.81
2012/8/21,1873.06,699.97,5826.92
2012/8/22,1870.84,696.69,5743.33
2012/8/23,1871.17,696.15,5699.84
2012/8/24,1862.81,695.34,5697.66
2012/8/27,1855.13,676.64,5625.37
2012/8/28,1881.77,684.35,5582.66
2012/8/29,1877.6,678.47,5476.72
2012/8/30,1889.32,668.9,5357.96
2012/8/31,1878.3,664.77,5390.69
2012/9/3,1857.95,672.05,5503.63
2012/9/4,1830.9,668.49,5516.92
2012/9/5,1801.26,682.42,5510.24
2012/9/6,1818.25,685.49,5515.52
2012/9/7,1871.74,709.13,5729.97
2012/9/10,1860.28,719.85,5717.32
2012/9/11,1851.29,738.54,5684.97
2012/9/12,1844.61,751.14,5715.01
2012/9/13,1837.47,784.91,5671.59
2012/9/14,1855.12,765.25,5709.79
2012/9/17,1831.01,750.74,5585.32
2012/9/18,1810.57,729.6,5543.58
2012/9/19,1805.35,731.2,5469.57
2012/9/20,1782.05,722.35,5355.76
2012/9/21,1778.16,685.85,5363.69
2012/9/24,1777.97,690.29,5406.54
2012/9/25,1770.07,688.13,5463.89
2012/9/26,1760.83,664.94,5379.02
2012/9/27,1807.23,676.41,5508.05
2012/9/28,1822.24,686.21,5633.85
2012/10/8,1814.45,693.23,5544.63
2012/10/9,1845.77,706.36,5654.05
2012/10/10,1840.73,711.63,5670.98
2012/10/11,1841.09,690.2,5624.81
2012/10/12,1855.46,688.77,5618.58
2012/10/15,1849.47,682.52,5692.1
2012/10/16,1858.77,690.94,5787.58
2012/10/17,1867.86,691.09,5780.69
2012/10/18,1885.92,698.35,5858.75
2012/10/19,1884.81,700.59,5854.8
2012/10/22,1898.64,700.54,5839.85
2012/10/23,1882,687.19,5710.82
2012/10/24,1879.76,681.35,5722.11
2012/10/25,1872.39,682.61,5689.21
2012/10/26,1853.1,665.04,5599.49
2012/10/29,1848.28,656.85,5601.28
2012/10/30,1848.15,655.43,5624.24
2012/10/31,1856.73,656.73,5653.21
2012/11/1,1883.32,668.4,5740.71
2012/11/2,1902.85,670.99,5764.95
2012/11/5,1908.73,672.06,5691.55
2012/11/6,1903.83,667.5,5584.02
2012/11/7,1902.59,671.19,5582
2012/11/8,1880.89,653.1,5520.23
2012/11/9,1884.03,657.9,5501.08
2012/11/12,1904.07,669.92,5427.91
2012/11/13,1878.72,652.06,5348.19
2012/11/14,1881.99,650.2,5403.14
2012/11/15,1864.48,635.73,5330.76
2012/11/16,1855.31,628.49,5245.35
2012/11/19,1856.75,630.1,5059.96
2012/11/20,1849.37,624.16,5055.18
2012/11/21,1869.13,633.3,5067.1
2012/11/22,1864.39,624.38,4965.96
2012/11/23,1874.98,626.15,5030.67
2012/11/26,1872.57,629.45,4929.8
2012/11/27,1877.45,606.27,4894.6
2012/11/28,1880.84,586.99,4820.19
2012/11/29,1876.87,581.3,4803.45
2012/11/30,1880.79,588.68,4786.44
2012/12/3,1858.4,572.96,4490.69
2012/12/4,1871.87,586.07,4523.31
2012/12/5,1945.63,605.66,4590.41
2012/12/6,1958.97,605.47,4557.6
2012/12/7,2011.55,615.55,4650.74
2012/12/10,2038.28,627.58,4709.85
2012/12/11,2027.76,629.28,4728.03
2012/12/12,2046.73,621.45,4780.39
2012/12/13,2019.76,609.98,4690.72
2012/12/14,2160.57,635.19,4794.8
2012/12/17,2166.05,642.16,4897.39
2012/12/18,2182.05,642.96,4932.83
2012/12/19,2175.78,649.18,5013.56
2012/12/20,2167.27,646.82,4976.56
2012/12/21,2144.2,645.85,4945.18
2012/12/24,2168.11,650.09,4838.29
2012/12/25,2253.81,666.55,4914.68
2012/12/26,2245.23,677.25,4982.61
2012/12/27,2220.25,679.19,5041.85
2012/12/28,2252.62,692.49,5108.6
2012/12/31,2314.17,717.63,5127.23
2013/1/4,2333.99,707.3,5104.53
2013/1/7,2373.8,727.81,5107.88
2013/1/8,2337.53,748.13,5234.79
2013/1/9,2323.92,742.57,5329.6
2013/1/10,2322.87,752.03,5310.87
2013/1/11,2282.58,773.84,5236.52
2013/1/14,2394.2,834.29,5321.23
2013/1/15,2397.03,840.63,5326.65
2013/1/16,2364.72,888.43,5296.96
2013/1/17,2342.94,821.06,5291.18
2013/1/18,2387.99,824.01,5297.23
2013/1/21,2432.64,826.78,5188.93
2013/1/22,2463.01,804.23,5138.93
2013/1/23,2492.68,831.11,5174.36
2013/1/24,2491.97,846.47,5075.19
2013/1/25,2485,820.84,4981.57
2013/1/28,2614.02,851.47,4904.5
2013/1/29,2648.98,855.88,4933.35
2013/1/30,2654.92,867.92,4970.68
2013/1/31,2666.77,847.79,4920.05
2013/2/1,2780.73,853.08,4982.11
2013/2/4,2799.02,853.78,4910.65
2013/2/5,2773.13,847.39,5105.65
2013/2/6,2787.93,854.38,5085.89
2013/2/7,2684.45,876.26,5125.48
2013/2/8,2650.42,875.78,5161.65
2013/2/18,2637.79,886.75,5058.14
2013/2/19,2625.05,866.23,5039.97
2013/2/20,2590.93,872.72,5114.15
2013/2/21,2476.74,848.69,5139.53
2013/2/22,2440.28,863.44,5245.7
2013/2/25,2464.16,865.87,5181.14
2013/2/26,2459.41,872.46,5063.52
2013/2/27,2493.53,891.26,5032.85
2013/2/28,2600.38,900.51,5062.06
2013/3/1,2583.17,913.82,5069.36
2013/3/4,2429.9,902.52,5053.64
2013/3/5,2589.47,909.87,5163.32
2013/3/6,2617.2,912.09,5265.43
2013/3/7,2554.14,880,5308.74
2013/3/8,2559.63,869.18,5237.15
2013/3/11,2515.01,874.71,5207.8
2013/3/12,2458.12,845.57,5129.1
2013/3/13,2450.98,829.75,5121.83
2013/3/14,2463.63,828.35,5071.15
2013/3/15,2484.54,837.48,5040.79
2013/3/18,2455.97,820.65,4950.06
2013/3/19,2490.76,827.11,4908.72
2013/3/20,2617.99,850.72,5030.54
2013/3/21,2609.73,862.63,5034.44
2013/3/22,2612.8,867.86,5043.79
2013/3/25,2612.12,863.26,5050.75
2013/3/26,2541.13,849.2,5089.67
2013/3/27,2553.38,860.17,4994.68
2013/3/28,2385.41,830.61,4935.51
2013/3/29,2399.97,824.19,4909.22
2013/4/1,2389.05,837.45,4843.71
2013/4/2,2386.13,823.37,4781.57
2013/4/3,2405.11,835.14,4745.06
2013/4/8,2383.87,845.76,4788.36
2013/4/9,2393.88,845.63,4781.54
2013/4/10,2377.38,849.96,4890.5
2013/4/11,2383.15,835.77,4847.06
2013/4/12,2372.45,821.56,4905.29
2013/4/15,2367.74,795.73,4828.7
2013/4/16,2356.05,802.8,4805.21
2013/4/17,2318.11,806.73,4917.08
2013/4/18,2334.67,806.39,4890.34
2013/4/19,2443.68,820.45,4966.98
2013/4/22,2455.01,826.87,4897.81
2013/4/23,2375.69,802.86,4833.17
2013/4/24,2422.89,811.52,4856.12
2013/4/25,2393.74,800.46,4815.67
2013/4/26,2383.61,774.47,4731.82
2013/5/2,2397.66,762.29,4666.03
2013/5/3,2443.38,777.13,4729.85
2013/5/6,2464.33,790.96,4855.02
2013/5/7,2455.94,793.49,4941.74
2013/5/8,2462.83,800.88,4956.84
2013/5/9,2446,808.78,5010.51
2013/5/10,2463.18,811.81,5005.05
2013/5/13,2457.08,844.49,5013.95
2013/5/14,2435.13,827.78,4905.51
2013/5/15,2444.3,842.34,4958.55
2013/5/16,2491.37,854.88,4997.76
2013/5/17,2506.51,864.95,5063.84
2013/5/20,2542.44,879.66,5110.17
2013/5/21,2527.41,905.9,5078.9
2013/5/22,2541.53,883.11,5136.73
2013/5/23,2490.94,895.61,5107.26
2013/5/24,2497.7,913.64,5116.84
2013/5/27,2490.2,912.19,5127.95
2013/5/28,2550.41,901.01,5166.49
2013/5/29,2534.84,917.25,5175.81
2013/5/30,2522.88,913.85,5179.26
2013/5/31,2510.94,898.42,5099.89
2013/6/3,2496.26,907.79,5123.61
2013/6/4,2484.27,895.96,5064.18
2013/6/5,2450.35,883.49,5097.84
2013/6/6,2410.37,875.21,5054.64
2013/6/7,2392.87,856.07,4920.68
2013/6/13,2329.41,830.27,4833.57
2013/6/14,2335.76,839.14,4853.71
2013/6/17,2324.99,856.28,4820.5
2013/6/18,2340.52,864.7,4892.31
2013/6/19,2301.87,857.56,4984.44
2013/6/20,2211.64,834.96,4882.03
2013/6/21,2206.22,819.06,4878.66
2013/6/24,2042.76,769.42,4675.85
2013/6/25,2052.97,773.79,4697.57
2013/6/26,2023.36,778.18,4710.59
2013/6/27,2042.01,755.97,4640.93
2013/6/28,2118.67,749.24,4672.55
2013/7/1,2110.32,767.39,4776.44
2013/7/2,2090.6,791.86,4907.52
2013/7/3,2061.38,787.85,4943.66
2013/7/4,2069.69,797.51,4927.45
2013/7/5,2078.01,788.47,4919.46
2013/7/8,2045.34,749.44,4836.78
2013/7/9,2053.16,758.16,4808.48
2013/7/10,2091.4,773.01,4874.08
2013/7/11,2231.99,789.68,4968.67
2013/7/12,2163.69,778,4923.87
2013/7/15,2180.32,792.16,4979.89
2013/7/16,2183.28,813.16,5021.46
2013/7/17,2154.53,801.76,4892.32
2013/7/18,2102.9,801.85,4849.25
2013/7/19,2057.67,776.22,4720.4
2013/7/22,2043.37,783.51,4747.25
2013/7/23,2086.43,795.88,4870.23
2013/7/24,2050.45,797.95,4860.35
2013/7/25,2043.87,789.42,4891.74
2013/7/26,2033.32,771.16,4823.33
2013/7/29,1986.37,750.62,4723.79
2013/7/30,2011.83,750.18,4742.32
2013/7/31,2009.36,757.52,4690.45
2013/8/1,2046.9,773.21,4770.07
2013/8/2,2039.8,784.52,4827.56
2013/8/5,2057.03,796.26,4888.11
2013/8/6,2050.47,798.39,4898.51
2013/8/7,2048.11,800.87,4894.07
2013/8/8,2044.17,790.55,4871.64
2013/8/9,2041.85,794.31,4875.1
2013/8/12,2116.62,804.36,4969.92
2013/8/13,2142.88,807.44,4947.86
2013/8/14,2133.58,803.12,4899.28
2013/8/15,2110.76,794.33,4892.93
2013/8/16,2129.93,778,4816.84
2013/8/19,2167.61,786.13,4872.95
2013/8/20,2171.11,781.64,4863.57
2013/8/21,2153.3,785.57,4866.6
2013/8/22,2151.13,782.3,4859.49
2013/8/23,2120.45,780.76,4815.1
2013/8/26,2159.55,793.93,4877.6
2013/8/27,2159.27,809.34,4901.99
2013/8/28,2145.03,845.9,4834.75
2013/8/29,2143.98,825.05,4817.64
2013/8/30,2146.25,817.21,4791.58
2013/9/2,2152.27,827.12,4705.11
2013/9/3,2194.03,830.23,4769.76
2013/9/4,2194.43,849.42,4791.15
2013/9/5,2195.95,840.9,4863.29
2013/9/6,2228.39,868.75,4851.69
2013/9/9,2410.34,889.73,4890.76
2013/9/10,2417.29,892.91,4915.77
2013/9/11,2406.36,875.91,4916.48
2013/9/12,2489.72,885.44,4885.7
2013/9/13,2439.44,889.94,4973.21
2013/9/16,2430.87,903.47,4930.15
2013/9/17,2371.24,893.71,4833.19
2013/9/18,2370.93,892.4,4847.51
2013/9/23,2380.57,898.45,4912.13
2013/9/24,2309.17,906.75,4965.04
2013/9/25,2295.52,899.8,4926.63
2013/9/26,2248.35,874.08,4946.06
2013/9/27,2257.94,861.54,4952.8
2013/9/30,2265.13,867.65,4991.57
2013/10/8,2279.98,892.86,5020.14
2013/10/9,2301.24,901.15,5056.52
2013/10/10,2256.31,896.66,5047.72
2013/10/11,2311.28,905.2,5103.38
2013/10/14,2278.65,910.15,5171.18
2013/10/15,2248.64,901.24,5238.84
2013/10/16,2228.89,873.19,5172.78
2013/10/17,2217.61,868.88,5163.44
2013/10/18,2228.3,884.71,5203.16
2013/10/21,2253.48,895.96,5374.92
2013/10/22,2222.59,885.73,5329.36
2013/10/23,2240.62,867.14,5170.35
2013/10/24,2227.64,863.08,5113.83
2013/10/25,2243.2,843.31,4946.07
2013/10/28,2236.81,852.04,4842.2
2013/10/29,2302.04,825.51,4771.12
2013/10/30,2317.95,847.92,4834.69
2013/10/31,2271.05,839.78,4738.5
2013/11/1,2297.89,838.39,4697.15
2013/11/4,2280.07,838.59,4719.17
2013/11/5,2265.87,838.51,4732.47
2013/11/6,2228.18,834.37,4707.95
2013/11/7,2239.09,825.05,4611.89
2013/11/8,2221.15,814.61,4554.83
2013/11/11,2225.47,812.93,4667.54
2013/11/12,2252.54,824.18,4804.03
2013/11/13,2180.07,832.53,4723.43
2013/11/14,2163.03,881.76,4788.49
2013/11/15,2190.6,908.19,4851.53
2013/11/18,2281.72,946.05,4937.11
2013/11/19,2247.42,938.95,4874.49
2013/11/20,2252.6,990.48,4880.47
2013/11/21,2244.47,966.02,4811.06
2013/11/22,2232.48,972.6,4794.37
2013/11/25,2214.36,993.02,4782.02
2013/11/26,2209.27,992.37,4770.47
2013/11/27,2219.42,1030.14,4804.64
2013/11/28,2232.85,1014.62,4899.68
2013/11/29,2228.45,1050.91,4898.82
2013/12/2,2265.35,980.13,4729.3
2013/12/3,2254.93,1002.23,4822.12
2013/12/4,2269.79,1008.94,4871.56
2013/12/5,2254.47,996.81,4840.39
2013/12/6,2244.13,981.06,4843.19
2013/12/9,2227.84,994.26,4865.91
2013/12/10,2236.11,978.71,4865.11
2013/12/11,2199.72,968.64,4820.07
2013/12/12,2187.23,966.68,4816.67
2013/12/13,2171.39,964.4,4815.99
2013/12/16,2157.92,940.51,4733.12
2013/12/17,2151.26,958.03,4726.75
2013/12/18,2156.13,939.95,4722.73
2013/12/19,2124.73,921.87,4680.79
2013/12/20,2059.32,907.47,4646.58
2013/12/23,2065.22,926.56,4620.27
2013/12/24,2058.17,930.51,4628.99
2013/12/25,2061.33,942.89,4674.48
2013/12/26,2032.19,929.89,4619.96
2013/12/27,2065.13,963.07,4673.91
2013/12/30,2060.11,959.61,4674.11
2013/12/31,2101.45,956.93,4749.65
2014/1/2,2085.2,967.03,4658.96
2014/1/3,2051.37,952.46,4615.06
2014/1/6,2028.91,914.79,4500.21
2014/1/7,2022.18,920.69,4521.77
2014/1/8,2032.83,934.77,4552.21
2014/1/9,2032.82,910.42,4502.28
2014/1/10,2040.6,889.41,4516.44
2014/1/13,2041.38,885,4515.33
2014/1/14,2039.64,898.72,4563.41
2014/1/15,2015.82,916.54,4557.74
2014/1/16,2006.56,911.97,4599.13
2014/1/17,1981.95,893.4,4508.2
2014/1/20,1965.9,895.76,4482.63
2014/1/21,1977.99,902.46,4492.55
2014/1/22,2015.12,932.07,4619.44
2014/1/23,1989.48,933.45,4633.21
2014/1/24,1989.2,942.03,4634.35
2014/1/27,1973.31,937.96,4607.15
2014/1/28,1998.62,928.35,4556.95
2014/1/29,2021.88,949.9,4507.88
2014/1/30,2000.29,972.09,4422.1
2014/2/7,1992.43,1014.33,4469.78
2014/2/10,2016.33,1034.55,4572.99
2014/2/11,2065.21,1020.42,4596.63
2014/2/12,2068.37,1024.27,4586.19
2014/2/13,2102.95,989.94,4569.76
2014/2/14,2091.96,1000.01,4652.64
2014/2/17,2077.97,1043.78,4729.55
2014/2/18,2039.93,1039.88,4668.56
2014/2/19,2100.97,1023.4,4697
2014/2/20,2069.84,1000,4688.45
2014/2/21,2049.03,1001.27,4652.62
2014/2/24,1994.13,989.16,4589.65
2014/2/25,1969.95,934.96,4455.34
2014/2/26,1976.77,929.9,4441.27
2014/2/27,2005.24,935.6,4397.89
2014/2/28,1993.5,948.22,4515.64
2014/3/3,1979.15,972.08,4592.95
2014/3/4,1992.31,980.29,4542.83
2014/3/5,1963.5,966.58,4587.13
2014/3/6,1982.85,952.95,4575.19
2014/3/7,1976.56,952.18,4614.75
2014/3/10,1917.13,904.95,4543.37
2014/3/11,1917.14,900.68,4649.09
2014/3/12,1940.9,897.35,4626.32
2014/3/13,1968.8,914.61,4794.17
2014/3/14,1951.89,905.2,4739.39
2014/3/17,1952.78,922.77,4755.48
2014/3/18,1939.84,918.56,4783.01
2014/3/19,1929.54,918.06,4719.25
2014/3/20,1920.96,884.37,4612.06
2014/3/21,2016.34,900.91,4691.85
2014/3/24,2027.42,902.99,4693.24
2014/3/25,2007.74,904.77,4639.78
2014/3/26,2007.55,897.74,4595.23
2014/3/27,2028.72,881.68,4524.27
2014/3/28,2043.06,854.09,4444.67
2014/3/31,2031.17,862.86,4478.9
2014/4/1,2029.7,869.99,4583.97
2014/4/2,2052.74,863.68,4589.08
2014/4/3,2023.06,861.87,4569.67
2014/4/4,2040.59,876.71,4615.08
2014/4/8,2118,909.73,4717.22
2014/4/9,2107.04,912.3,4722.19
2014/4/10,2129.47,915.79,4786.97
2014/4/11,2132.67,917.29,4853.04
2014/4/14,2116.49,921.1,4835.71
2014/4/15,2067.99,916.42,4781.56
2014/4/16,2073.82,914.81,4764.75
2014/4/17,2065.27,907.22,4761.75
2014/4/18,2064.29,911.67,4766.69
2014/4/21,2034.63,891.82,4668.4
2014/4/22,2072.17,892.36,4647.74
2014/4/23,2070.88,917.51,4696.2
2014/4/24,2067.41,902.69,4661.67
2014/4/25,2068.39,882.03,4510.85
2014/4/28,2060.23,850.79,4418.87
2014/4/29,2072.69,857.21,4483.09
2014/4/30,2064.97,861.71,4529.39
2014/5/5,2045.56,871.49,4540.41
2014/5/6,2038.89,875.52,4537.54
2014/5/7,2029.12,866.02,4474.68
2014/5/8,2033.6,869.64,4467.99
2014/5/9,2037.13,862.61,4454.51
2014/5/12,2064.13,882.22,4520.73
2014/5/13,2057.1,888.25,4542.65
2014/5/14,2055.58,881.84,4479.21
2014/5/15,2050.42,880.54,4418.76
2014/5/16,2056.53,885.3,4410.69
2014/5/19,2020.27,876.46,4334.36
2014/5/20,2020.42,873.43,4308.65
2014/5/21,2033.09,878.29,4365.79
2014/5/22,2035.85,875.09,4347.15
2014/5/23,2052.09,877.93,4383.84
2014/5/26,2054.56,888.5,4421.19
2014/5/27,2050.19,879,4396.24
2014/5/28,2061.78,888.2,4417.96
2014/5/29,2053.39,876.74,4392.04
2014/5/30,2051.16,893.34,4381.85
2014/6/3,2053.36,891.61,4304.88
2014/6/4,2038.07,885.57,4284.62
2014/6/5,2061.02,894.83,4339.28
2014/6/6,2042.71,888.13,4309.59
2014/6/9,2049.11,885.61,4303.48
2014/6/10,2074.42,893.85,4337.38
2014/6/11,2067.41,894.25,4356.33
2014/6/12,2060.8,909.61,4369.42
2014/6/13,2094.73,915.17,4381.38
2014/6/16,2123.31,928.64,4393.35
2014/6/17,2103.38,912.84,4346.08
2014/6/18,2092.24,914.35,4310.06
2014/6/19,2074.68,892.22,4249.15
2014/6/20,2078.91,899.5,4259.95
2014/6/23,2065.95,907.78,4279
2014/6/24,2055.85,925.51,4351.65
2014/6/25,2044.38,920.39,4324.22
2014/6/26,2052.22,930.99,4364.59
2014/6/27,2042.58,949.98,4369.12
2014/6/30,2052.94,991.95,4381.06
2014/7/1,2052.78,981.81,4358.24
2014/7/2,2057.51,1009.65,4343.1
2014/7/3,2056.71,995.69,4369.2
2014/7/4,2055.71,993.67,4392.82
2014/7/7,2056.11,1024.67,4386.69
2014/7/8,2058.29,1023.15,4392.92
2014/7/9,2029.04,1027.79,4312.66
2014/7/10,2018.06,1025.34,4283.47
2014/7/11,1994.23,1057.06,4304.22
2014/7/14,2001.79,1051.4,4422.66
2014/7/15,2005.97,1056.65,4518.98
2014/7/16,2007.03,1008.6,4472.69
2014/7/17,1992.45,992.29,4441.21
2014/7/18,1986.32,983.46,4543.56
2014/7/21,1978.6,999.66,4570.99
2014/7/22,1998.34,1003.03,4604.3
2014/7/23,2004.92,1005.29,4580.49
2014/7/24,2062.84,989.99,4605
2014/7/25,2081.1,994.92,4638.43
2014/7/28,2185.78,1029.07,4727.11
2014/7/29,2201.42,1050.83,4715.07
2014/7/30,2183.42,1064.06,4722.78
2014/7/31,2213.83,1074.57,4818.44
2014/8/1,2194.57,1050.81,4813.92
2014/8/4,2228.95,1066.75,4877.83
2014/8/5,2208.13,1068.08,4890.47
2014/8/6,2182.8,1085.72,4868.12
2014/8/7,2147.31,1074.07,4786.92
2014/8/8,2153.82,1082.13,4824.54
2014/8/11,2183.15,1099.46,4872.3
2014/8/12,2161.94,1102.29,4867.04
2014/8/13,2154.14,1088.29,4886.31
2014/8/14,2139.05,1078.18,4847.38
2014/8/15,2149.33,1087.43,4885.14
2014/8/18,2150.78,1099.04,4901.05
2014/8/19,2151.38,1106.86,4897.06
2014/8/20,2139.27,1107.04,4915.39
2014/8/21,2119.6,1111.82,4879.19
2014/8/22,2130.52,1112.8,4884.44
2014/8/25,2110.07,1093.95,4846.93
2014/8/26,2115.38,1076.14,4807.64
2014/8/27,2112.3,1113.76,4801.76
2014/8/28,2085.87,1087.06,4790.53
2014/8/29,2109.31,1127.86,4862.93
2014/9/1,2110.35,1164.75,4904.48
2014/9/2,2143.01,1215.28,4977.81
2014/9/3,2160.62,1223.04,5025.63
2014/9/4,2172.81,1244.18,5041.36
2014/9/5,2184.8,1264.19,5095.35
2014/9/9,2165.7,1267.76,5074.43
2014/9/10,2145.6,1273.06,5076.95
2014/9/11,2143.47,1279.71,5016.94
2014/9/12,2149.77,1321.26,5021.56
2014/9/15,2142.13,1328.69,5021.4
2014/9/16,2136.55,1266.13,4888.64
2014/9/17,2136.57,1255.8,4912.18
2014/9/18,2151.14,1248.24,4942.05
2014/9/19,2159.64,1290.56,4972.93
2014/9/22,2109.64,1264.04,4877.93
2014/9/23,2119.87,1301.66,4915.16
2014/9/24,2149.6,1341.43,4982.76
2014/9/25,2139.51,1350.13,4969.68
2014/9/26,2135.1,1336.47,4966.71
2014/9/29,2136.78,1360.79,4985.5
2014/9/30,2137.18,1357.48,5002.5
2014/10/8,2157.8,1391.82,5034.06
2014/10/9,2155.92,1395.42,5040.98
2014/10/10,2144.57,1404.82,4986.82
2014/10/13,2125.05,1426.31,4894.66
2014/10/14,2120.13,1421.78,4876.3
2014/10/15,2130.24,1397.41,4894.96
2014/10/16,2138.47,1362.91,4856.38
2014/10/17,2129.45,1372.06,4890.6
2014/10/20,2137.73,1376.68,4891.32
2014/10/21,2121.58,1349.52,4868.72
2014/10/22,2123.21,1361.98,4829.98
2014/10/23,2123.31,1355.91,4757.49
2014/10/24,2119.03,1334.12,4748.25
2014/10/27,2083.27,1343.12,4745.19
2014/10/28,2107.72,1403.37,4788.77
2014/10/29,2132.8,1412.03,4818.13
2014/10/30,2159.38,1389.42,4810.51
2014/10/31,2238.3,1384.49,4828.88
2014/11/3,2219.93,1394.84,4844.12
2014/11/4,2202.73,1384.33,4774.58
2014/11/5,2185.62,1389.79,4715.49
2014/11/6,2186.79,1388.33,4745.74
2014/11/7,2199.32,1379.67,4706.81
2014/11/10,2263.47,1377.55,4858.24
2014/11/11,2332.83,1312.3,4814.01
2014/11/12,2326.76,1327.5,4867.09
2014/11/13,2316.39,1271.22,4850.52
2014/11/14,2304.03,1282.71,4932.62
2014/11/17,2264.84,1298.87,4947.26
2014/11/18,2221.31,1296.09,4865.07
2014/11/19,2217.87,1298.87,4840.12
2014/11/20,2219.31,1278.2,4824.83
2014/11/21,2257.08,1287.42,4885.53
2014/11/24,2259.48,1311.03,4912.23
2014/11/25,2291.45,1325.45,4951.46
2014/11/26,2346.88,1346.96,4999.51
2014/11/27,2383.73,1363.86,4996.3
2014/11/28,2578.3,1341.99,4976.72
2014/12/1,2557.41,1311.84,5109.47
2014/12/2,2730.49,1322.68,5150.55
2014/12/3,2709,1367.66,5232.57
2014/12/4,2887.63,1386.54,5355.33
2014/12/5,2968.49,1502.42,5214.8
2014/12/8,3016.67,1606.33,5260.14
2014/12/9,2753.18,1491.81,5192.01
2014/12/10,2857.57,1535.44,5372.6
2014/12/11,2830.2,1536.47,5341.79
2014/12/12,2802.3,1533.04,5401.62
2014/12/15,2746.63,1531.01,5493
2014/12/16,2871.76,1549.62,5418.94
2014/12/17,3072.45,1507.77,5323.03
2014/12/18,3025.58,1577.73,5327.97
2014/12/19,3071.84,1562.42,5310.46
2014/12/22,3239.33,1483.69,5326.7
2014/12/23,3124.67,1413.11,5391.73
2014/12/24,2999.8,1454.23,5395.98
2014/12/25,3139.01,1483.82,5432.11
2014/12/26,3243.13,1503.73,5471.01
2014/12/29,3243.04,1495.26,5536.7
2014/12/30,3342.35,1448.31,5472.69
2014/12/31,3429.09,1472.61,5511.02
2015/1/5,3487.86,1484.44,5754.81
2015/1/6,3452.59,1544.21,5761.53
2015/1/7,3405.26,1521.46,5675.26
2015/1/8,3279.05,1510.24,5686.32
2015/1/9,3312.14,1485.78,5646.34
2015/1/12,3268.84,1436.07,5596.31
2015/1/13,3249.67,1458.61,5580.89
2015/1/14,3306.09,1468.42,5489.94
2015/1/15,3430.67,1487.4,5540.73
2015/1/16,3468.26,1505.49,5577.95
2015/1/19,3122.38,1430.86,5300.22
2015/1/20,3130.4,1481.67,5428.1
2015/1/21,3300.97,1535.99,5552.26
2015/1/22,3285.3,1626.63,5553.13
2015/1/23,3304.81,1588.43,5509.47
2015/1/26,3283.16,1619.76,5612.53
2015/1/27,3197.35,1636.51,5597.29
2015/1/28,3153.57,1595.88,5540.09
2015/1/29,3087.09,1569.8,5486.41
2015/1/30,3075.84,1550.34,5475.41
2015/2/2,2978.83,1558.32,5410.83
2015/2/3,3057.06,1572.97,5482.75
2015/2/4,2995.26,1571.5,5457.01
2015/2/5,2990.28,1533.42,5407.7
2015/2/6,2945.69,1485.35,5324.46
2015/2/9,2971.42,1481.7,5436.89
2015/2/10,3022.54,1503.93,5472.94
2015/2/11,3014.68,1521.81,5486.02
2015/2/12,3006.38,1513.66,5539.15
2015/2/13,3028.63,1542.71,5561.42
2015/2/16,3012.57,1568.33,5588.27
2015/2/17,3026.77,1564.74,5568.21
2015/2/25,2990.76,1581.3,5534.9
2015/2/26,3058.73,1600.75,5618.24
2015/2/27,3046.56,1637.7,5654.49
2015/3/2,3048.01,1648.81,5665.28
2015/3/3,2951.44,1638.04,5601.81
2015/3/4,2937.84,1648.46,5660.25
2015/3/5,2871.58,1620.99,5639.81
2015/3/6,2890.91,1610.45,5635.96
2015/3/9,3061.02,1635.77,5735.49
2015/3/10,2986.97,1628.93,5715.63
2015/3/11,3016.8,1618.93,5736.35
2015/3/12,3168.65,1617.99,5756.68
2015/3/13,3180.57,1623.76,5763.24
2015/3/16,3223.59,1668.39,5883.54
2015/3/17,3247.35,1704.13,5959.82
2015/3/18,3319.23,1733.23,6056.51
2015/3/19,3280.02,1738.55,6030.37
2015/3/20,3306.21,1741.8,6073.28
2015/3/23,3347.88,1751.58,6199.69
2015/3/24,3322.99,1760.45,6196.4
2015/3/25,3231.62,1775.93,6213.68
2015/3/26,3254.44,1844,6339.56
2015/3/27,3258.65,1817,6314.51
2015/3/30,3389.81,1846.23,6354.9
2015/3/31,3346.47,1844.36,6308.34
2015/4/1,3371.2,1864.25,6378.81
2015/4/2,3352.17,1861.26,6429.38
2015/4/3,3376.54,1913.59,6488.45
2015/4/7,3478.23,1921.04,6634.66
2015/4/8,3556.48,1868.7,6662.42
2015/4/9,3523,1820.58,6590.97
2015/4/10,3618.02,1874.39,6750.1
2015/4/13,3732.56,1897.85,6851.56
2015/4/14,3696.54,1944.61,6876.65
2015/4/15,3767.68,1873.64,6692.44
2015/4/16,3879.22,1951.16,7058.85
2015/4/17,3875.08,2072.5,7050.1
2015/4/20,3718.36,2161.07,6972.7
2015/4/21,3774.93,2166.91,7386.52
2015/4/22,3848.22,2221.44,7503.61
2015/4/23,3791.23,2199.39,7472.43
2015/4/24,3681.81,2220.04,7465.95
2015/4/27,3796.33,2335.77,7502.63
2015/4/28,3874.71,2272.09,7244.66
2015/4/29,3840.9,2287.95,7319.15
2015/4/30,3778.97,2305.18,7353.11
2015/5/4,3782.19,2454.86,7444.05
2015/5/5,3615.31,2404.55,7185.36
2015/5/6,3616.98,2319.41,7136.7
2015/5/7,3604.46,2191.71,7128.84
2015/5/8,3618.42,2260.38,7327.88
2015/5/11,3676.58,2328.03,7493.44
2015/5/12,3676.63,2489.34,7496.98
2015/5/13,3635.24,2434.54,7601.94
2015/5/14,3624.4,2414.2,7571.14
2015/5/15,3551.55,2479.13,7446.98
2015/5/18,3484.44,2494.72,7461.93
2015/5/19,3607.2,2526.87,7655.48
2015/5/20,3623.89,2613.01,7739.55
2015/5/21,3637.16,2678.22,7960.5
2015/5/22,3751.79,2721.62,8178.72
2015/5/25,3838.59,2943.54,8459.09
2015/5/26,3844.89,3191.75,8615
2015/5/27,3788.99,3204.69,8612.53
2015/5/28,3579.33,2942.88,8209.16
2015/5/29,3574.97,3012.3,8172.18
2015/6/1,3742.81,3147.68,8502.11
2015/6/2,3749.33,3207.27,8625.76
2015/6/3,3764.68,3098.42,8568.58
2015/6/4,3936.7,3079.54,8489.57
2015/6/5,3901.38,3152.09,8575.76
2015/6/8,4144.97,3087.29,8710.18
2015/6/9,4105.81,3136.99,8749.83
2015/6/10,4057.58,3100.58,8881.12
2015/6/11,4013.24,3133.64,9024.94
2015/6/12,4039.88,3181.64,9229.21
2015/6/15,3915.19,3138.41,9111.07
2015/6/16,3867.32,2975.1,8814.27
2015/6/17,3894.97,2990.9,8889.34
2015/6/18,3722.57,2903.33,8535.07
2015/6/19,3550.03,2808.22,7998.37
2015/6/23,3655.03,2952.59,8290.66
2015/6/24,3719.91,3022.1,8535.54
2015/6/25,3630.16,2947.16,8228.1
2015/6/26,3441.89,2666.09,7671.25
2015/6/29,3471.79,2441.61,7531.49
2015/6/30,3702.87,2575.58,7924.85
2015/7/1,3568.3,2376.36,7602.89
2015/7/2,3602.87,2152.94,7234.47
2015/7/3,3421.56,1956.12,6839.61
2015/7/6,3691.71,1837.58,6848.42
2015/7/7,3873.76,1666.95,6536.89
2015/7/8,3611.97,1528.51,6221.7
2015/7/9,3794.1,1655.91,6654.76
2015/7/10,3830.41,1796.35,7063.54
2015/7/13,3712.82,1957.08,7239.37
2015/7/14,3635.35,2048.93,7074.5
2015/7/15,3701.2,1919.88,6874
2015/7/16,3641.82,2040.72,6948.76
2015/7/17,3657.42,2228.16,7185.07
2015/7/20,3618.28,2347.27,7160.63
2015/7/21,3566.5,2321.46,7184.86
2015/7/22,3530.51,2457.17,7226.08
2015/7/23,3570.04,2523.32,7351.52
2015/7/24,3518.51,2554.59,7285.57
2015/7/27,3241,2331.8,6714.12
2015/7/28,3297.99,2303.56,6716.95
2015/7/29,3304.81,2511.88,6928.04
2015/7/30,3242.7,2571.27,6791.09
2015/7/31,3260.98,2378.23,6840.66
2015/8/3,3343.84,2166.56,6854.75
2015/8/4,3362.24,2369.16,7044.61
2015/8/5,3302.63,2389.45,6927.25
2015/8/6,3303.11,2355.31,6863.51
2015/8/7,3323.23,2443.03,6981.13
2015/8/10,3394.89,2639.94,7212.49
2015/8/11,3342.52,2663.75,7178.15
2015/8/12,3290.17,2677.53,7097.26
2015/8/13,3290.34,2721.63,7154.13
2015/8/14,3280.39,2702.14,7174.09
2015/8/17,3237.81,2720.89,7233.38
2015/8/18,3140.24,2504.92,6840.5
2015/8/19,3154.88,2542.01,6957.26
2015/8/20,3100.74,2352.68,6781.61
2015/8/21,3031.38,2288.6,6503.4
2015/8/24,2758.06,2081.26,6007.84
2015/8/25,2593.16,1894.83,5756.3
2015/8/26,2735.03,1730.93,5810.96
2015/8/27,2943.39,1840.08,6084.86
2015/8/28,2958.28,2002.55,6226.1
2015/8/31,3055.98,2047.36,6156.08
2015/9/1,3141.8,1909.16,6035.93
2015/9/2,3205.65,1800.11,6017.97
2015/9/7,2990.33,1717.92,5883.41
2015/9/8,3044.46,1750.62,5986.72
2015/9/9,3062.46,1790.12,6102.94
2015/9/10,3086.23,1805.78,6039.04
2015/9/11,3071.55,1782.28,6021.51
2015/9/14,3150.82,1695.53,5878.77
2015/9/15,3122.87,1549.45,5737.18
2015/9/16,3134.34,1669.32,5995.08
2015/9/17,3081.07,1625.71,5834
2015/9/18,3069.37,1626.41,5869.86
2015/9/21,3059.79,1725.95,5975.9
2015/9/22,3088.53,1732.03,6010.72
2015/9/23,3034.64,1717.13,5923.66
2015/9/24,3033.75,1749.33,5960.86
2015/9/25,3071.06,1689.5,5866.56
2015/9/28,3044.05,1696.22,5902.9
2015/9/29,3007.53,1631.83,5860.73
2015/9/30,3037.53,1710.58,5864.88
2015/10/8,3055.66,1775.88,6045.16
2015/10/9,3078.93,1810.35,6047.28
2015/10/12,3132.91,1888.91,6185.47
2015/10/13,3110.4,1910.84,6212.34
2015/10/14,3088.23,1891.42,6136.41
2015/10/15,3124.75,1971.38,6239.57
2015/10/16,3141.17,2018.31,6295.85
2015/10/19,3130.86,1970.76,6330.49
2015/10/20,3132.99,2025.13,6341.27
2015/10/21,3215.48,1881.89,6085.89
2015/10/22,3168.05,1969.91,6216.84
2015/10/23,3167.28,1993.83,6375.85
2015/10/26,3175.93,2025.95,6424.34
2015/10/27,3165.42,2171.15,6388.33
2015/10/28,3147.23,2061.63,6281.21
2015/10/29,3141.89,2087.57,6351.27
2015/10/30,3148.32,2061.47,6410.49
2015/11/2,3119.14,1978.22,6294.24
2015/11/3,3103.71,1971.11,6254.87
2015/11/4,3197.47,2066.61,6486.58
2015/11/5,3274.99,2080.84,6518.25
2015/11/6,3299.06,2136.9,6590.34
2015/11/9,3414.88,2151.86,6665
2015/11/10,3383.21,2144.83,6667.69
2015/11/11,3336.8,2150.18,6703.02
2015/11/12,3297.9,2163.41,6680.94
2015/11/13,3271.67,2083.56,6535.26
2015/11/16,3279.28,2112.26,6587.08
2015/11/17,3290.66,2154.07,6595.8
2015/11/18,3300.76,2080.65,6565.63
2015/11/19,3338.69,2135.51,6642.64
2015/11/20,3347.16,2174.12,6659.28
2015/11/23,3339.93,2149.22,6652.23
2015/11/24,3313.64,2136.07,6656.87
2015/11/25,3330.51,2166.83,6733.5
2015/11/26,3313.2,2171.23,6699.95
2015/11/27,3192.18,2013.41,6420.03
2015/11/30,3241.1,1963.86,6469.27
2015/12/1,3218.42,1952.59,6520.4
2015/12/2,3400.83,1949.22,6653.32
2015/12/3,3418.92,1983.25,6709.77
2015/12/4,3319.67,1951.22,6646.6
2015/12/7,3329.88,1954.15,6685.29
2015/12/8,3310.1,1885.67,6548.78
2015/12/9,3311.91,1907.43,6564.3
2015/12/10,3294.24,1860.65,6532.24
2015/12/11,3264.58,1862.4,6491.56
2015/12/14,3316.47,1917.17,6600.28
2015/12/15,3274.33,1920.83,6639.92
2015/12/16,3264.1,1911.99,6631.31
2015/12/17,3296.21,1945.7,6755.09
2015/12/18,3345.07,1937.64,6870.85
2015/12/21,3461.28,1962.54,7220.28
2015/12/22,3431.28,1972.19,7242.52
2015/12/23,3434.3,1937.67,7162.27
2015/12/24,3437.67,1901.99,7099.14
2015/12/25,3450.71,1919.93,7096.19
2015/12/28,3349.28,1871.1,6919.03
2015/12/29,3381.39,1882.11,7000.85
2015/12/30,3392.82,1916.56,7014.66
2015/12/31,3382.3,1892.29,6975.84
2016/1/4,3228.73,1760.58,6497.57
2016/1/5,3250.64,1829.08,6505.94
2016/1/6,3276.48,1865.91,6598.55
2016/1/7,3146.87,1688.36,6160.79
2016/1/8,3184.88,1685.97,6253.9
2016/1/11,3077.03,1537.95,5944.71
2016/1/12,3081.9,1523.17,5932.26
2016/1/13,3058.31,1435.38,5858.69
2016/1/14,3074.32,1520.64,5996.91
2016/1/15,3016.73,1498.17,5821.79
2016/1/18,3007.65,1530.33,5852.49
2016/1/19,3054.63,1601.3,6059.01
2016/1/20,3012.82,1573.79,5938.3
2016/1/21,2970.65,1507.2,5776.43
2016/1/22,2990.69,1533.53,5823.01
2016/1/25,2996.04,1538.95,5879.87
2016/1/26,2878.87,1415.95,5579.11
2016/1/27,2886.63,1431.51,5537.93
2016/1/28,2846.11,1326.84,5399.4
2016/1/29,2902.88,1363.29,5578.09
2016/2/1,2855.4,1322.52,5559.49
2016/2/2,2880.08,1375.44,5676.93
2016/2/3,2853.21,1381.62,5673.18
2016/2/4,2884.82,1416.32,5741.73
2016/2/5,2893.34,1405.58,5690.35
2016/2/15,2867.5,1410.77,5615.85
2016/2/16,2922.48,1478.52,5784.04
2016/2/17,2931.53,1524.15,5815.22
2016/2/18,2926.93,1498.1,5782.68
2016/2/19,2905.77,1516.48,5791
2016/2/22,2957.43,1536.27,5912.41
2016/2/23,2921.9,1509.99,5943.47
2016/2/24,2927.8,1537.48,6000.2
2016/2/25,2835.43,1387.98,5644.36
2016/2/26,2865.06,1387.89,5685.85
2016/2/29,2872.77,1306.32,5515.89
2016/3/1,2882.2,1348.96,5615.65
2016/3/2,2945.69,1424.4,5834.41
2016/3/3,2971.92,1426.16,5887.31
2016/3/4,3100.23,1411.91,5945.41
2016/3/7,3069.21,1441.03,5978.74
2016/3/8,3091.31,1421.66,5931.88
2016/3/9,3105.89,1393.33,5831.45
2016/3/10,3039.74,1361.33,5836.62
2016/3/11,3042.34,1353.73,5821.27
2016/3/14,3025.77,1403.4,5904.62
2016/3/15,3061.22,1402.59,5971.45
2016/3/16,3134.14,1371.63,5907.44
2016/3/17,3094.15,1418.48,6000.57
2016/3/18,3092.83,1475.57,6094.3
2016/3/21,3113.97,1522.77,6207.59
2016/3/22,3105.17,1568.25,6200.47
2016/3/23,3098.35,1554.7,6223.02
2016/3/24,3063.64,1535.08,6232.12
2016/3/25,3070.36,1542.53,6292.1
2016/3/28,3040.59,1531.56,6363.7
2016/3/29,3032.44,1486.18,6267.65
2016/3/30,3096.81,1539.13,6400.45
2016/3/31,3086.26,1549.26,6416.13
2016/4/1,3107.01,1531.79,6372.95
2016/4/5,3114.38,1568.58,6466.11
2016/4/6,3088.67,1570.89,6559.93
2016/4/7,3058.92,1528.19,6441.88
2016/4/8,3057.74,1507.46,6362.76
2016/4/11,3080.38,1532.54,6397.67
2016/4/12,3075.05,1516.7,6383.46
2016/4/13,3101.5,1538.09,6407.92
2016/4/14,3107.28,1549.24,6468.49
2016/4/15,3130.54,1554.21,6480.18
2016/4/18,3114.26,1515.64,6394
2016/4/19,3118.67,1529.01,6404.49
2016/4/20,3122.85,1476.45,6202.24
2016/4/21,3126.46,1453.46,6203.37
2016/4/22,3142.53,1461.97,6304.76
2016/4/25,3139.35,1461.5,6319.48
2016/4/26,3147.88,1469.19,6350.56
2016/4/27,3141.4,1454.41,6378.69
2016/4/28,3151.26,1442.23,6371.64
2016/4/29,3129.8,1441.27,6485.88
2016/5/3,3151.55,1484.41,6775.15
2016/5/4,3151.08,1481.2,6727.21
2016/5/5,3149.4,1491.25,6768.21
2016/5/6,3108.27,1419.82,6517.78
2016/5/9,3079.4,1358.56,6440.85
2016/5/10,3067.66,1364.85,6538.32
2016/5/11,3081.25,1350.41,6655.86
2016/5/12,3088.11,1353.57,6586.46
2016/5/13,3082.42,1354.87,6525.99
2016/5/16,3086.39,1370.1,6607.05
2016/5/17,3073.64,1366.18,6541.95
2016/5/18,3095.2,1341.16,6405.97
2016/5/19,3078.62,1345.45,6401.94
2016/5/20,3085.9,1373.69,6468.28
2016/5/23,3073.29,1385.08,6549.21
2016/5/24,3049.43,1362.61,6458.76
2016/5/25,3070.4,1353.96,6424
2016/5/26,3077.43,1354.91,6395.47
2016/5/27,3079.78,1368.32,6387.58
2016/5/30,3106.39,1360.82,6362.03
2016/5/31,3170.45,1413.21,6576.58
2016/6/1,3147.77,1424.54,6587.71
2016/6/2,3139.14,1430.29,6662.66
2016/6/3,3153.74,1431.93,6900.78
2016/6/6,3128.76,1426.61,6845.14
2016/6/7,3132.27,1434.1,6902.69
2016/6/8,3129.1,1446.98,6812.16
2016/6/13,3084.89,1409.59,6586.21
2016/6/14,3101.24,1400.17,6699.54
2016/6/15,3104.08,1437.6,6838.87
2016/6/16,3093.54,1436.37,6823.54
2016/6/17,3104.41,1447.58,6915.02
2016/6/20,3107.99,1451.08,6870.28
2016/6/21,3112.37,1446.85,6800.52
2016/6/22,3122.59,1461.32,6871.1
2016/6/23,3107.74,1480.17,6822.97
2016/6/24,3063.75,1456.17,6735.4
2016/6/27,3074.11,1511.48,6938.08
2016/6/28,3073.05,1516.84,6965.28
2016/6/29,3106.11,1528.04,6965.68
2016/6/30,3093.64,1525.33,7027.74
2016/7/1,3113.6,1549.77,7007.44
2016/7/4,3145.16,1644.41,7104.02
2016/7/5,3136.64,1675.75,7178.79
2016/7/6,3126.47,1685.79,7480.29
2016/7/7,3126.09,1659.55,7441.76
2016/7/8,3091.21,1672.88,7411.63
2016/7/11,3092.59,1696.57,7563.8
2016/7/12,3135.28,1703.12,7752.43
2016/7/13,3127.43,1703.12,7634.23
2016/7/14,3123.67,1712.53,7633.81
2016/7/15,3132.64,1677.22,7623.04
2016/7/18,3168.1,1652.11,7552.84
2016/7/19,3144.06,1658.65,7402.12
2016/7/20,3123.23,1649.75,7406.32
2016/7/21,3137.35,1648.34,7463.94
2016/7/22,3114.73,1648.93,7325.36
2016/7/25,3118.84,1640.42,7365.53
2016/7/26,3136.16,1658.05,7552.63
2016/7/27,3139.32,1582.41,7338.63
2016/7/28,3114.19,1591.26,7432.43
2016/7/29,3124.34,1556.47,7411.81
2016/8/1,3140.67,1517.73,7215.96
2016/8/2,3131.9,1530.56,7223.53
2016/8/3,3116.84,1536.31,7256.71
2016/8/4,3108.48,1546.71,7260.36
2016/8/5,3134.55,1528.06,7249.34
2016/8/8,3135.85,1599.69,7317.11
2016/8/9,3148.03,1592.24,7436
2016/8/10,3155.7,1585.44,7387.88
2016/8/11,3191.6,1550.68,7376.25
2016/8/12,3273.7,1568.34,7400.4
2016/8/15,3346.87,1608.18,7532.11
2016/8/16,3279.4,1612.95,7489.14
2016/8/17,3270.01,1633.87,7512.34
2016/8/18,3253.87,1626.08,7461.04
2016/8/19,3258.82,1630.19,7438.14
2016/8/22,3255.84,1596.81,7431.55
2016/8/23,3266.54,1596.73,7411.23
2016/8/24,3259.96,1610.6,7387.39
2016/8/25,3255.4,1596.93,7331.65
2016/8/26,3249.87,1607.37,7324.13
2016/8/29,3229.26,1613,7268.04
2016/8/30,3255.33,1635.98,7275.7
2016/8/31,3266.31,1625.74,7323.66
2016/9/1,3257.19,1605.05,7269.91
2016/9/2,3260.92,1590.1,7207.86
2016/9/5,3262.18,1594.49,7224.79
2016/9/6,3246.29,1608.13,7298.89
2016/9/7,3250.74,1611.45,7251.78
2016/9/8,3251.67,1611.86,7236.4
2016/9/9,3237.69,1603.84,7184.14
2016/9/12,3192.47,1552.84,6980.89
2016/9/13,3194.43,1559.61,7027.48
2016/9/14,3166.67,1543.31,7020.78
2016/9/19,3187.11,1553.19,7075.22
2016/9/20,3182.91,1537.17,7057.69
2016/9/21,3190.32,1540.45,7049.89
2016/9/22,3207.35,1544.25,7122.46
2016/9/23,3207.46,1538.83,7103.9
2016/9/26,3181.5,1490.85,6939.04
2016/9/27,3193.97,1499.8,6982.21
2016/9/28,3176.6,1497.98,6953.6
2016/9/29,3188.83,1497.23,7000.37
2016/9/30,3188.84,1507.11,7078.92
2016/10/10,3213.5,1540.96,7182.58
2016/10/11,3211.35,1567.45,7232.33
2016/10/12,3198.15,1560.98,7218.38
2016/10/13,3191.74,1566.48,7205.76
2016/10/14,3198.12,1564.85,7220.22
2016/10/17,3178.61,1545.01,7178.38
2016/10/18,3196.35,1565.72,7283.78
2016/10/19,3193.43,1573.89,7290.12
2016/10/20,3198.91,1567.48,7280.15
2016/10/21,3213.33,1566.62,7251.54
2016/10/24,3249.58,1581.9,7369.29
2016/10/25,3242.93,1573.35,7475.62
2016/10/26,3218.01,1564.87,7607.98
2016/10/27,3211.71,1570.89,7585.47
2016/10/28,3228.78,1555.93,7551.68
2016/10/31,3218.7,1549.35,7569.06
2016/11/1,3233.74,1555.25,7633.48
2016/11/2,3214.78,1542.78,7566.33
2016/11/3,3230.1,1548.98,7592.73
2016/11/4,3224.18,1536.46,7567.91
2016/11/7,3221.48,1531.16,7565.73
2016/11/8,3239.53,1541.14,7638.38
2016/11/9,3212.5,1522.78,7578.3
2016/11/10,3242.32,1542.55,7654.65
2016/11/11,3247.22,1558.05,7632.91
2016/11/14,3255.02,1568.9,7580.06
2016/11/15,3253.72,1569.59,7647.59
2016/11/16,3251.34,1562.24,7615.35
2016/11/17,3249.19,1577.76,7586.98
2016/11/18,3243.29,1564.24,7546.62
2016/11/21,3271.56,1572.53,7548.87
2016/11/22,3295.99,1580.01,7563.9
2016/11/23,3340.77,1588.34,7596.94
2016/11/24,3333.54,1567.4,7677.89
2016/11/25,3381.21,1576.36,7670.71
2016/11/28,3378.39,1579.14,7671.05
2016/11/29,3386.26,1597.09,7819.02
2016/11/30,3356.36,1584.1,7718.89
2016/12/1,3364.02,1605.57,7755.94
2016/12/2,3358.84,1578.29,7642.74
2016/12/5,3366.82,1585.76,7513.18
2016/12/6,3350.77,1579.81,7616.15
2016/12/7,3343.15,1602.92,7669.16
2016/12/8,3380.77,1577.94,7736.9
2016/12/9,3435.66,1570.91,7738.19
2016/12/12,3440.72,1499.82,7482.85
2016/12/13,3393.53,1533.34,7586.81
2016/12/14,3407.68,1542.53,7527.11
2016/12/15,3300.44,1567.37,7494.57
2016/12/16,3278.77,1548.53,7527.55
2016/12/19,3261.48,1546.06,7544.62
2016/12/20,3230.48,1530.27,7495.46
2016/12/21,3244.66,1568.75,7537.79
2016/12/22,3227.05,1568.59,7495.72
2016/12/23,3210.44,1563.27,7375.14
2016/12/26,3220.53,1568.63,7404.81
2016/12/27,3206.8,1559.68,7416.27
2016/12/28,3196.62,1553.59,7382.67
2016/12/29,3195.21,1546.48,7398.64
2016/12/30,3215.4,1540.67,7494.14
2017/1/3,3251.24,1587.45,7537.06
2017/1/4,3257.88,1601.41,7721.91
2017/1/5,3255.66,1620.04,7691.23
2017/1/6,3234.39,1617.44,7662.84
2017/1/9,3242.13,1676.04,7676.93
2017/1/10,3238.04,1647.37,7681.03
2017/1/11,3226.8,1651.76,7584.76
2017/1/12,3223.5,1627.12,7542.79
2017/1/13,3248.43,1603.83,7476.85
2017/1/16,3294.21,1564.52,7379.23
2017/1/17,3279.55,1593.19,7469.99
2017/1/18,3298.51,1584.93,7544.31
2017/1/19,3298.17,1570.95,7512.74
2017/1/20,3312.18,1592.65,7562.72
2017/1/23,3305.63,1626.44,7581.03
2017/1/24,3335.49,1614.03,7584.11
2017/1/25,3334.7,1620.49,7585.46
2017/1/26,3354.9,1633.14,7569.6
2017/2/3,3318.02,1645.14,7545.55
2017/2/6,3315.11,1655.8,7580.85
2017/2/7,3309.95,1636.6,7574.82
2017/2/8,3313.97,1677.02,7613.12
2017/2/9,3320.69,1682.88,7676.69
2017/2/10,3339.36,1668.93,7678.48
2017/2/13,3366.55,1671.44,7817.28
2017/2/14,3353.75,1663.58,7809.09
2017/2/15,3390.05,1641.1,7745.49
2017/2/16,3396.5,1652.48,7750.1
2017/2/17,3363.63,1666.54,7775.35
2017/2/20,3424.22,1671.83,7969.14
2017/2/21,3424,1677.39,7960.37
2017/2/22,3420.83,1665.44,8047.18
2017/2/23,3417.85,1646.76,7999.37
2017/2/24,3411.15,1668.23,7994.35
2017/2/27,3394.14,1646.17,7887.38
2017/2/28,3399.8,1655.42,7884.14
2017/3/1,3395.14,1674.48,7925.37
2017/3/2,3374.09,1660.63,7909.92
2017/3/3,3359.76,1671.36,7924.83
2017/3/6,3361.34,1698.23,7981.63
2017/3/7,3377.16,1688.08,8117.39
2017/3/8,3371.99,1697.12,8088.26
2017/3/9,3348.32,1674.73,8051.71
2017/3/10,3343.36,1664.26,8066.41
2017/3/13,3366,1675.61,8165.2
2017/3/14,3365.96,1674.84,8126.01
2017/3/15,3363.48,1666.29,8151.83
2017/3/16,3375.64,1686.99,8147.92
2017/3/17,3338.07,1659.61,8126.79
2017/3/20,3325.36,1656.45,8201.03
2017/3/21,3317.52,1656.83,8383.8
2017/3/22,3274.388,1638.006,8404.414
2017/3/23,3290.33,1649.12,8379.11
2017/3/24,3302.408,1657.751,8364.664
2017/3/27,3325.612,1668.295,8262.45
2017/3/28,3314.952,1660.174,8244.833
2017/3/29,3305.703,1656.134,8241.754
2017/3/30,3301.82,1615.12,8174.07
2017/3/31,3335.22,1655.47,8209.7
2017/4/5,3349.876,1677.615,8290.805
2017/4/6,3337.456,1675.865,8283.4
2017/4/7,3335.987,1696.478,8247.617
2017/4/10,3316.006,1704.397,8133.677
2017/4/11,3307.928,1793.915,8109.187
2017/4/12,3297.346,1772.396,8154.061
2017/4/13,3278.689,1755.877,8229.305
2017/4/14,3254.474,1745.278,8138.874
2017/4/17,3253.046,1688.803,8138.494
2017/4/18,3209.69,1676.42,8240.3
2017/4/19,3182.061,1641.548,8219.212
2017/4/20,3163.898,1642.839,8395.222
2017/4/21,3199.981,1620.697,8276.869
2017/4/24,3199.28,1568.85,8123.64
2017/4/25,3207.27,1603.395,8299.286
2017/4/26,3194.081,1568.374,8282.793
2017/4/27,3206.68,1546.58,8310.49
2017/4/28,3205.602,1561.267,8147.056
2017/5/2,3182.167,1546.013,8117.824
2017/5/3,3164.593,1551.143,8137.901
2017/5/4,3149.562,1514.941,8116.662
2017/5/5,3148.417,1465.845,8074.939
2017/5/8,3151.68,1391.64,7937.73
2017/5/9,3154.675,1409.907,7927.741
2017/5/10,3164.05,1359.359,7884.321
2017/5/11,3190.167,1366.29,7902.54
2017/5/12,3275.536,1352.987,7901.127
2017/5/15,3274.409,1348.317,8013.844
2017/5/16,3255.081,1371.948,8195.967
2017/5/17,3228.521,1384.966,8123.578
2017/5/18,3210.74,1368.64,8132.99
2017/5/19,3211.786,1366.397,8230.303
2017/5/22,3220.603,1339.758,8204.709
2017/5/23,3280.39,1275.31,8274.09
2017/5/24,3274.842,1286.065,8209.298
2017/5/25,3385.932,1305.102,8255.406
2017/5/26,3375.276,1303.339,8268.775
2017/5/31,3383.257,1305.769,8222.108
2017/6/1,3398.877,1274.377,8222.57
2017/6/2,3379.16,1296.59,8199.89
2017/6/5,3328.582,1307.463,8164.84
2017/6/6,3331.392,1326.774,8264.842
2017/6/7,3365.54,1344.46,8438.38
2017/6/8,3372.017,1340.888,8583.846
2017/6/9,3387.266,1342.914,8636.001
2017/6/12,3370.44,1317.78,8734.76
2017/6/13,3360.28,1330.51,8762.28
2017/6/14,3308.998,1340.634,8703.38
2017/6/15,3284.055,1353.234,8600.513
2017/6/16,3281.122,1366.662,8546.34
2017/6/19,3299.031,1396.705,8616.027
2017/6/20,3296.637,1386.666,8570.567
2017/6/21,3308.083,1385.096,8729.747
2017/6/22,3366.3,1362.2,8672.06
2017/6/23,3382.22,1365.72,8728.26
2017/6/26,3383.27,1380.61,8887.86
2017/6/27,3422.055,1390.103,8921.996
2017/6/28,3438.459,1373.827,8789.445
2017/6/29,3452.166,1382.568,8834.481
2017/6/30,3436.205,1376.606,8843.641
2017/7/3,3427.63,1378.73,8711.69
2017/7/4,3403.356,1387.852,8590.646
2017/7/5,3432.78,1389.14,8689.74
2017/7/6,3433.616,1392.382,8627.729
2017/7/7,3406.99,1403.272,8521.396
2017/7/10,3404.08,1404.42,8584.38
2017/7/11,3463.538,1388.922,8657.32
2017/7/12,3487.44,1382.18,8575.94
2017/7/13,3551.808,1395.321,8540.306
2017/7/14,3581.48,1389.52,8585.37
2017/7/17,3635.76,1304.62,8391.22
2017/7/18,3601.65,1318.71,8432.43
2017/7/19,3637,1331.04,8523.7
2017/7/20,3630.076,1339.46,8650.191
2017/7/21,3595.753,1344.83,8703.419
2017/7/24,3639.37,1374.41,8808.86
2017/7/25,3642.23,1359.5,8772.68
2017/7/26,3635.47,1365.74,8665.09
2017/7/27,3624.44,1380.09,8704.19
2017/7/28,3633.36,1366.67,8891.37
2017/7/31,3621.31,1351.9,8938.61
2017/8/1,3670.14,1343.82,8961.01
2017/8/2,3703.02,1319.76,8932.36
2017/8/3,3646.68,1325.08,8869.14
2017/8/4,3622.203,1401.162,8768.314
2017/8/7,3623.454,1396.537,8981.224
2017/8/8,3617.43,1403.08,8980.07
2017/8/9,3560.51,1392.52,9247.27
2017/8/10,3549.7,1403.24,9285.27
2017/8/11,3496.94,1397.02,9090.94
2017/8/14,3492.52,1412.67,9283.92
2017/8/15,3541.2,1412.24,9291.2
2017/8/16,3518.4,1429.12,9260.15
2017/8/17,3528.06,1440.63,9203.28
2017/8/18,3530.54,1423.2,9187.79
2017/8/21,3525.93,1425.07,9180.41
2017/8/22,3549.45,1404.97,9110.41
2017/8/23,3602.86,1406.03,9158.61
2017/8/24,3599.38,1396.83,9058.42
2017/8/25,3709.72,1405.77,9120.34
2017/8/28,3717.16,1419.63,9156.95
2017/8/29,3734.14,1395.21,9160.17
2017/8/30,3701.56,1400.65,9212.51
2017/8/31,3664.41,1399.7,9221.25
2017/9/1,3641.99,1402.19,9255.17
2017/9/4,3674.07,1419.18,9209.47
2017/9/5,3703.9,1410.07,9233.44
2017/9/6,3678.6,1422.18,9182.25
2017/9/7,3646.33,1407.52,9093.61
2017/9/8,3647.22,1401.26,9020.07
2017/9/11,3643.56,1410.87,9053.35
2017/9/12,3654.97,1401.11,9160.94
2017/9/13,3632.81,1407.67,9294.06
2017/9/14,3608.15,1399.66,9279.1
2017/9/15,3597.36,1418.51,9313.3
2017/9/18,3590.65,1420.75,9490.39
2017/9/19,3599.29,1412.77,9445.11
2017/9/20,3596.42,1426.61,9519.17
2017/9/21,3619.21,1409.84,9508.55
2017/9/22,3619.25,1404.51,9528.85
2017/9/25,3624.13,1400.26,9646.87
2017/9/26,3603.793,1413.675,9632.852
2017/9/27,3575.34,1418.374,9612.006
2017/9/28,3565.07,1428.77,9798.49
2017/9/29,3574.23,1431.9,9862.34
2017/10/9,3612.72,1431.52,9960.93
2017/10/10,3635.47,1435.99,10083.86
2017/10/11,3640.08,1430.32,10309.72
2017/10/12,3638.59,1453.97,10257.05
2017/10/13,3624.62,1447.32,10279.04
2017/10/16,3658.45,1443.5,10177.3
2017/10/17,3646.11,1440.11,10196.6
2017/10/18,3669,1429.98,10376.99
2017/10/19,3666.03,1402.55,10578.69
2017/10/20,3642.31,1413.74,10449.4
2017/10/23,3607.96,1411.09,10506.8
2017/10/24,3625.47,1395.46,10514.61
2017/10/25,3619.34,1397.92,10481.72
2017/10/26,3588.94,1405.77,10744.46
2017/10/27,3652.49,1394.8,11076.89
2017/10/30,3640.45,1355.39,10890.14
2017/10/31,3606.18,1359.49,10832.41
2017/11/1,3582.91,1361.1,10812.74
2017/11/2,3583.97,1344.78,10858.3
2017/11/3,3580.14,1339.91,10962.45
2017/11/6,3544.32,1362.75,11272.19
2017/11/7,3590.02,1384.28,11209.46
2017/11/8,3600.59,1384.07,11180.49
2017/11/9,3586.24,1389.23,11212.74
2017/11/10,3566.48,1379.41,11547.68
2017/11/13,3620.14,1371.71,11517.93
2017/11/14,3606.3,1386.12,11266.04
2017/11/15,3598.32,1366.91,11393.21
2017/11/16,3573.61,1357.82,11718.79
2017/11/17,3670.79,1304.56,11452.31
2017/11/20,3728.96,1309.71,11325.94
2017/11/21,3744.68,1302.74,11494.69
2017/11/22,3830.96,1344.21,11209.3
2017/11/23,3772.43,1309.59,10769.98
2017/11/24,3781.59,1310.23,10725.17
2017/11/27,3755.03,1294.29,10589.44
2017/11/28,3703.99,1311.32,10771.73
2017/11/29,3712.39,1306.5,10561.71
2017/11/30,3698.37,1307.57,10474.13
2017/12/1,3673.37,1312.09,10457.19
2017/12/4,3681.93,1296.16,10681.79
2017/12/5,3742.04,1280.44,10656.58
2017/12/6,3703.17,1296.95,10579.91
2017/12/7,3669.26,1319.62,10420.05
2017/12/8,3664.62,1323.1,10595.85
2017/12/11,3677.9,1331.51,10963.06
2017/12/12,3624.67,1313.15,10927.53
2017/12/13,3642.48,1321.83,11216.14
2017/12/14,3625.95,1323.14,11216.81
2017/12/15,3583.11,1327.39,11085.48
2017/12/18,3593.85,1320.18,11253.25
2017/12/19,3650.98,1325.82,11344.81
2017/12/20,3647.99,1305.25,11594.43
2017/12/21,3653.92,1309.22,11596.18
2017/12/22,3629.74,1298.09,11530.96
2017/12/25,3628.79,1270.19,11552.8
2017/12/26,3669.75,1277.2,11438.17
2017/12/27,3626.9,1273.64,11223.67
2017/12/28,3618.44,1273.65,11649.49
2017/12/29,3642.39,1284.22,11529.85
2018/1/2,3689.77,1290.06,11569.55
2018/1/3,3699.27,1303.39,11682.35
2018/1/4,3690.31,1303.63,11968.49
2018/1/5,3701.87,1298.33,11980.11
2018/1/8,3690.15,1294.53,12034.86
2018/1/9,3690.47,1300.9,12401.3
2018/1/10,3769.57,1286.74,12528.54
2018/1/11,3783.25,1290.94,12399.89
2018/1/12,3798.95,1275.15,12581.44
2018/1/15,3856.97,1229.15,12548.44
2018/1/16,3874.08,1220.84,12575.94
2018/1/17,3917.03,1222.73,12272.86
2018/1/18,4001.43,1224.58,12324.58
2018/1/19,4043.22,1242.22,12204.69
2018/1/22,4003.69,1247.64,12601.7
2018/1/23,4137.83,1247.08,12610.35
2018/1/24,4159.1,1258.44,12445.85
2018/1/25,4122.57,1276.17,12362.97
2018/1/26,4134.83,1269.54,12457.08
2018/1/29,4112.61,1252.69,11952.83
2018/1/30,4037.46,1252.17,11935.88
2018/1/31,4106.41,1226.08,12166.64
2018/2/1,4143.42,1179.04,11987.72
2018/2/2,4128.54,1186.16,11884.16
2018/2/5,4268.23,1178.67,11458.22
2018/2/6,4189.56,1106.12,11244.22
2018/2/7,4059.54,1099.36,10869.42
2018/2/8,3924.21,1115.7,11040.99
2018/2/9,3788.98,1065.76,10841.54
2018/2/12,3754.57,1085.57,11122.4
2018/2/13,3810.17,1092.66,11233.82
2018/2/14,3819.05,1092.32,11324.55
2018/2/22,3894.57,1106.08,11740.54
2018/2/23,3927.23,1110.15,11695.8
2018/2/26,3930.13,1139.38,11715.39
2018/2/27,3848.64,1169.73,11571.98
2018/2/28,3795.41,1176.21,11328.24
2018/3/1,3804.58,1186.04,11458.47
2018/3/2,3776.8,1182.11,11387.76
2018/3/5,3767.45,1196.24,11252.55
2018/3/6,3780.07,1207.52,11284.85
2018/3/7,3799.94,1190.89,11172.78
2018/3/8,3799.36,1192.9,11390.47
2018/3/9,3804.85,1211.71,11462
2018/3/12,3787.83,1231.42,11423.81
2018/3/13,3786.52,1216.22,11296.69
2018/3/14,3750.51,1189.8,11416.65
2018/3/15,3746.72,1192.27,11640.6
2018/3/16,3710.31,1184.84,11488.49
2018/3/19,3727.61,1195.19,11556.77
2018/3/20,3746.22,1201.06,11487.59
2018/3/21,3749.26,1205.83,11407.58
2018/3/22,3730.53,1191.78,11121.24
2018/3/23,3635.923,1151.445,10867.34
2018/3/26,3549.24,1200.77,10812.93
2018/3/27,3542.92,1234.24,10893.93
2018/3/28,3541.09,1217.02,10449.27
2018/3/29,3594.29,1212.33,10714.22
2018/3/30,3566.38,1255.82,10712.6
2018/4/2,3539.23,1286.79,10661.22
2018/4/3,3509.13,1275.56,10724.69
2018/4/4,3507.64,1280.6,11035.65
2018/4/9,3507.74,1313.52,10973.68
2018/4/10,3613.3,1278.98,11074.9
2018/4/11,3652.86,1282.61,11127.55
2018/4/12,3598.14,1268.61,11027.2
2018/4/13,3572.45,1274.09,10885.24
2018/4/16,3471.12,1273.54,10846.99
2018/4/17,3454.94,1252.14,10682.58
2018/4/18,3493.05,1279.94,10642.34
2018/4/19,3504.81,1304.8,10940.76
2018/4/20,3476.43,1293.63,10768.11
2018/4/23,3488.76,1240.13,10774.25
2018/4/24,3549.75,1261.83,11053.71
2018/4/25,3512.72,1265.21,11105.19
2018/4/26,3495.21,1242.39,10841.65
2018/4/27,3515.51,1223.39,10567.98
2018/5/2,3506.15,1215.59,10663.61
2018/5/3,3495.81,1210.16,10796.73
2018/5/4,3469.28,1212.18,10750.61
2018/5/7,3491.68,1222.6,11234.38
2018/5/8,3536.37,1234.59,11364.28
2018/5/9,3536.62,1225.52,11332.61
2018/5/10,3541.5,1211.75,11494.15
2018/5/11,3557.55,1203.35,11436.64
2018/5/14,3586.02,1177.16,11700.11
2018/5/15,3576.25,1196.06,11799.77
2018/5/16,3527.19,1198.69,11848.52
2018/5/17,3519.71,1186.25,11655.07
2018/5/18,3565.31,1190.8,11760.77
2018/5/21,3566.58,1202.09,11737.4
2018/5/22,3536.97,1196.77,11803.03
2018/5/23,3493.82,1195.25,11571.87
2018/5/24,3472.3,1181.96,11437.88
2018/5/25,3465.74,1177.01,11499.26
2018/5/28,3453.38,1140.09,11913.08
2018/5/29,3445.65,1127.51,11822.94
2018/5/30,3374.99,1092.74,11875.83
2018/5/31,3408.95,1093.68,12385.01
2018/6/1,3406.4,1086.46,12170.33
2018/6/4,3438.89,1082.69,12549.65
2018/6/5,3431.14,1106.11,12712.42
2018/6/6,3404.71,1109.84,12672.84
2018/6/7,3418.36,1093.1,12545.68
2018/6/8,3357.04,1069.34,12460.33
2018/6/11,3364.41,1063.54,12393.21
2018/6/12,3364.77,1073.21,12833.51
2018/6/13,3347.16,1047.76,12656.06
2018/6/14,3352.32,1040.17,12480.77
2018/6/15,3366.03,1007.43,12268.42
2018/6/19,3330.57,942.27,11697.78
2018/6/20,3307.25,966.39,12038.51
2018/6/21,3302.43,939.87,11925.9
2018/6/22,3300.52,960.17,11988.34
2018/6/25,3234.51,957.31,12036.51
2018/6/26,3180.22,983.52,11967.1
2018/6/27,3132.89,981.41,11462.74
2018/6/28,3110.36,969.38,11213.97
2018/6/29,3154.51,1003.66,11546.54
2018/7/2,3048.47,995.33,11345.19
2018/7/3,3063.13,1039.27,11113.28
2018/7/4,3053.05,1024.47,11008.55
2018/7/5,3069.01,995.84,10966.87
2018/7/6,3089.98,1009.12,11101.17
2018/7/9,3193.83,1029.65,11403.77
2018/7/10,3181.22,1032.23,11403.65
2018/7/11,3141.97,1000.51,11261.63
2018/7/12,3175.7,1025.82,11545.92
2018/7/13,3148.94,1018.08,11766.49
2018/7/16,3088.26,1032.65,11778.75
2018/7/17,3066.27,1034.72,11603.61
2018/7/18,3060.4,1021.99,11529.06
2018/7/19,3059.05,1004.1,11458.43
2018/7/20,3192.61,1022.48,11499.98
2018/7/23,3250.45,1064.52,11358.42
2018/7/24,3264.25,1076.02,11625.75
2018/7/25,3269.79,1074.46,11571.5
2018/7/26,3250.7,1063.68,11430.21
2018/7/27,3240.94,1064.07,11511.58
2018/7/30,3278.59,1057.68,11275.38
2018/7/31,3286.19,1050.59,11315.77
2018/8/1,3224.14,1017.34,11105.04
2018/8/2,3161.08,976.05,10805.9
2018/8/3,3165.39,966.16,10532.72
2018/8/6,3183.34,943.2,10324.89
2018/8/7,3249.15,966.2,10604.59
2018/8/8,3210.2,948.36,10387.1
2018/8/9,3257.15,976.85,10687
2018/8/10,3236.21,984.2,10708.19
2018/8/13,3187.07,999.02,10595.07
2018/8/14,3178.34,990.27,10603.75
2018/8/15,3119.58,977.28,10301.78
2018/8/16,3127.47,967.53,10086.45
2018/8/17,3105.47,954.92,9899.51
2018/8/20,3152.35,963.29,9986.4
2018/8/21,3175.52,977.34,10361.2
2018/8/22,3164.82,976.12,10275.66
2018/8/23,3174.33,983.66,10317.43
2018/8/24,3239.35,971.12,10206.38
2018/8/27,3282.04,1001.21,10581.1
2018/8/28,3273.05,1010.43,10500.58
2018/8/29,3266.25,1013.44,10466.5
2018/8/30,3226.44,993.06,10369.46
2018/8/31,3253.98,987.18,10089.51
2018/9/3,3249.068,1005.621,10082.47
2018/9/4,3287,1038.13,10184.46
2018/9/5,3215.84,1032.93,9974.38
2018/9/6,3203.55,1040.05,9731.01
2018/9/7,3217.6,1029.97,9846.8
2018/9/10,3203.04,1007.83,9765.58
2018/9/11,3178.54,1024.39,9809.37
2018/9/12,3182.61,1038.38,9616.03
2018/9/13,3222.88,1060.01,9664.49
2018/9/14,3217.89,1027.84,9805.01
2018/9/17,3188.18,1017.86,9817.05
2018/9/18,3240.15,1031.21,10052.3
2018/9/19,3257.12,1044.1,10275.61
2018/9/20,3271.89,1028.81,10268.82
2018/9/21,3400.87,1031.83,10614.05
2018/9/25,3356.53,1041.37,10531.95
2018/9/26,3393.64,1041.59,10856.29
2018/9/27,3393.33,1020.5,10837.67
2018/9/28,3437,1021.93,10935.33
2018/10/8,3313.78,991.76,10330.54
2018/10/9,3308.65,973.25,10408.69
2018/10/10,3326.52,979.67,10148.16
2018/10/11,3201.19,910.63,9747.76
2018/10/12,3266.59,914.65,10031.96
2018/10/15,3226.43,909,9883.16
2018/10/16,3246.52,896.85,9841.93
2018/10/17,3269.52,895.76,9770.21
2018/10/18,3206.45,863.95,9542.72
2018/10/19,3307.33,878.5,9895.55
2018/10/22,3398.45,923.73,10352.68
2018/10/23,3319.27,911.26,9763.68
2018/10/24,3386.22,910.83,9504.13
2018/10/25,3422.46,899.92,9288.14
2018/10/26,3414.25,901.43,9073.76
2018/10/29,3348.5,891.08,8326.17
2018/10/30,3402.82,895.86,8238.36
2018/10/31,3409.57,906.86,8546.03
2018/11/1,3381.84,917.62,8703.88
2018/11/2,3457.75,938.52,9201.65
2018/11/5,3421.13,943.22,8967.99
2018/11/6,3396.56,938.23,8859.43
2018/11/7,3382.64,932.75,8882.93
2018/11/8,3404.5,919.39,8898.93
2018/11/9,3301.15,919.59,8839.33
2018/11/12,3312.24,937.78,8837.98
2018/11/13,3324.4,949.69,9080.42
2018/11/14,3285.93,943.46,8908.92
2018/11/15,3313.69,968.75,8976.82
2018/11/16,3315.06,973.63,8997.25
2018/11/19,3361.19,976.26,9110.99
2018/11/20,3311.84,973.22,8929.65
2018/11/21,3314.79,971.74,9018.95
2018/11/22,3302.34,972.4,9005.13
2018/11/23,3260.17,930.59,8811.16
2018/11/26,3274.97,933.68,8759.73
2018/11/27,3257.72,945.66,8722.07
2018/11/28,3281.19,954.25,8855.27
2018/11/29,3263.15,935.31,8808.2
2018/11/30,3291,941.13,9000.58
2018/12/3,3350.57,964.62,9410.62
2018/12/4,3361.8,960.78,9420.99
2018/12/5,3338.01,951,9441.61
2018/12/6,3299.37,945.2,9178.38
2018/12/7,3294.29,941.83,9169.19
2018/12/10,3264.05,923.92,9040.92
2018/12/11,3264.89,928.61,9133.28
2018/12/12,3269.81,930.34,9213.48
2018/12/13,3292.62,941.22,9393.56
2018/12/14,3255.38,917.9,9262.29
2018/12/17,3266.05,921.07,9192.5
2018/12/18,3233,918.66,9140.96
2018/12/19,3196.96,905.84,8971.49
2018/12/20,3138.44,901.54,8943.31
2018/12/21,3104.09,889.72,8827.56
2018/12/24,3097.41,902.3,8891.48
2018/12/25,3085.7,894.18,8873.82
2018/12/26,3074.51,888.88,8797.88
2018/12/27,3079.12,883.24,8791.81
2018/12/28,3108.23,885.62,8998.61
2019/1/2,3056.53,894.03,8934.52
2019/1/3,3083.57,922.84,8763.89
2019/1/4,3147.1,945.04,8924.36
2019/1/7,3140.25,986.08,9002.99
2019/1/8,3126.63,967.77,8969.4
2019/1/9,3153.35,957.49,9105.67
2019/1/10,3145.39,955.39,9100.27
2019/1/11,3172.07,969.38,9266.36
2019/1/14,3150.42,960.56,9141.66
2019/1/15,3183.88,968.99,9611.67
2019/1/16,3190.45,955.72,9590.31
2019/1/17,3173.9,944.5,9574.51
2019/1/18,3232.15,950.92,9788.89
2019/1/21,3238.86,953.46,9912.33
2019/1/22,3212.57,940.01,9744.9
2019/1/23,3221.18,941.09,9719.19
2019/1/24,3247.76,952.52,9795
2019/1/25,3300.11,940.24,9841.13
2019/1/28,3295.62,934.25,9860.96
2019/1/29,3318.55,913.78,9920.63
2019/1/30,3306.85,914.96,9764.37
2019/1/31,3364.49,903.1,9873.1
2019/2/1,3368.36,923.6,10014.66
2019/2/11,3367.61,944.75,10415.14
2019/2/12,3369.86,951.86,10399.78
2019/2/13,3416.87,972.76,10564.79
2019/2/14,3399.25,973.37,10720.48
2019/2/15,3333.93,967.29,10528.31
2019/2/18,3397.7,1001.71,10832.45
2019/2/19,3393.76,1019.64,10716.35
2019/2/20,3398.43,1021.72,10649.8
2019/2/21,3382.32,1013.73,10590.69
2019/2/22,3429.02,1034.44,10665.22
2019/2/25,3660.58,1095.48,11010.33
2019/2/26,3577.63,1084.08,10821.03
2019/2/27,3637.71,1104.23,10974.3
2019/2/28,3622.47,1103.94,11117.12
2019/3/1,3740.13,1109.62,11493.48
2019/3/4,3761.97,1135.08,11568.07
2019/3/5,3746.16,1168.3,11559.12
2019/3/6,3763.14,1173.15,11463.48
2019/3/7,3707.74,1169.79,11216.9
2019/3/8,3565.81,1122.15,10965.12
2019/3/11,3578.8,1163.61,11312.59
2019/3/12,3591.28,1206.33,11268.27
2019/3/13,3590.89,1184.62,11258.92
2019/3/14,3587.14,1155.14,11382.09
2019/3/15,3601.84,1153.05,11555.79
2019/3/18,3666.04,1177.24,12262.24
2019/3/19,3648.27,1195.43,12081.92
2019/3/20,3654.84,1184.14,12107.13
2019/3/21,3628.61,1191.03,12021.87
2019/3/22,3618.44,1203.2,12150.82
2019/3/25,3521.07,1264.25,11853.78
2019/3/26,3513.23,1191.79,11882.34
2019/3/27,3545.94,1179.28,12228.84
2019/3/28,3524.6,1172.64,12378.52
2019/3/29,3631.82,1223.09,12920.15
2019/4/1,3696.48,1279.93,13109.55
2019/4/2,3707.53,1297.21,12958.48
2019/4/3,3735.08,1313.22,12931.38
2019/4/4,3797.8,1314.66,13217.26
2019/4/8,3823.96,1302.01,13327.07
2019/4/9,3780.31,1299.89,13635.55
2019/4/10,3769.1,1290.07,13888.92
2019/4/11,3740.34,1273.75,13357.26
2019/4/12,3740.82,1260.42,13293.25
2019/4/15,3760.18,1255.76,13191.57
2019/4/16,3913.28,1275.48,13487.9
2019/4/17,3890.83,1283.27,13608.32
2019/4/18,3859.51,1302.41,13622.61
2019/4/19,3888.18,1300.47,13661.51
2019/4/22,3777.64,1275.43,13564.6
2019/4/23,3783.89,1222.38,13772.89
2019/4/24,3793.22,1222.23,13747
2019/4/25,3752.67,1172.02,13496.83
2019/4/26,3690.51,1157.68,13467.36
2019/4/29,3753.24,1115.38,13664.87
2019/4/30,3765.75,1133.6,13740.6
2019/5/6,3664.14,1049.08,12864.12
2019/5/7,3658.59,1059.69,13121.87
2019/5/8,3597.73,1069.14,13021.23
2019/5/9,3526.75,1068.14,12572.77
2019/5/10,3603.48,1116.49,13196.85
2019/5/13,3550.31,1101.85,13211.68
2019/5/14,3537.75,1104.07,13087.67
2019/5/15,3595.39,1114.32,13755.88
2019/5/16,3596.83,1130.26,13856.67
2019/5/17,3550.25,1090.3,13499.26
2019/5/20,3551.67,1111.91,13190.94
2019/5/21,3577.03,1123.22,13313.24
2019/5/22,3566.51,1113.38,13225.72
2019/5/23,3544.82,1104.48,12850.49
2019/5/24,3567.26,1071.69,12989.53
2019/5/27,3575.66,1108.11,13069.08
2019/5/28,3596.84,1109.71,13226.08
2019/5/29,3567.39,1116.41,13326.63
2019/5/30,3565.23,1105.71,13286.59
2019/5/31,3553.8,1115.84,13143.78
2019/6/3,3561.69,1100.64,13168.38
2019/6/4,3557.43,1069.37,12899.93
2019/6/5,3569.23,1063.82,12890.51
2019/6/6,3567.18,1035.4,12724.06
2019/6/10,3615.31,1039.87,12967.72
2019/6/11,3655.23,1077.96,13616.1
2019/6/12,3647.55,1073.7,13472.36
2019/6/13,3641.64,1073.33,13454.64
2019/6/14,3636.82,1077,13381.34
2019/6/17,3651.04,1067.41,13319.16
2019/6/18,3668.08,1060,13349.83
2019/6/19,3684.7,1078.39,13524.79
2019/6/20,3777.42,1099.17,14061.14
2019/6/21,3744.8,1121.3,14084.68
2019/6/24,3753.27,1116.06,14244.25
2019/6/25,3673.79,1114.95,14230.82
2019/6/26,3654.44,1134.55,14239.12
2019/6/27,3690.06,1130.32,14511.6
2019/6/28,3677.63,1115.15,14488.58
2019/7/1,3726.6,1138.76,15127.8
2019/7/2,3724.83,1161.45,15163.85
2019/7/3,3700.2,1184.38,14805.91
2019/7/4,3694.87,1201.97,14577.99
2019/7/5,3677.22,1184.69,14887.09
2019/7/8,3609.05,1148.02,14595.81
2019/7/9,3587.54,1147.32,14593.11
2019/7/10,3562.75,1145.2,14617.9
2019/7/11,3570.95,1140.04,14565.05
2019/7/12,3598.7,1138.7,14676.24
2019/7/15,3593.47,1172.05,14582.51
2019/7/16,3587.57,1171.72,14378.71
2019/7/17,3573.29,1172.8,14322
2019/7/18,3571.03,1148.16,14109.64
2019/7/19,3615.82,1148.85,14213.27
2019/7/22,3605.31,1108.92,14195.1
2019/7/23,3611.54,1127.18,14059.14
2019/7/24,3632.69,1144.91,14049.16
2019/7/25,3686.83,1150.39,14216.99
2019/7/26,3683.91,1162.84,14225.05
2019/7/29,3679.59,1169.53,14348.94
2019/7/30,3695.94,1167.27,14302.09
2019/7/31,3667.68,1170.89,14092.97
2019/8/1,3635.05,1155.05,13918.53
2019/8/2,3592.51,1131.83,13818.75
2019/8/5,3526.83,1125.08,13596.34
2019/8/6,3489.38,1101.45,13536.61
2019/8/7,3479.23,1084.58,13478.74
2019/8/8,3539.32,1111.88,13700.92
2019/8/9,3533.8,1088.58,13519.74
2019/8/12,3573.64,1101.9,13985.37
2019/8/13,3534.71,1101.01,13948.85
2019/8/14,3526.35,1117.01,14205.76
2019/8/15,3523.72,1117.01,14204.07
2019/8/16,3515.39,1116.98,14403.82
2019/8/19,3531.95,1149.19,14544.83
2019/8/20,3524.54,1155.78,14658
2019/8/21,3513.78,1156.76,14518.85
2019/8/22,3507.9,1173.64,14798.05
2019/8/23,3546.31,1165.8,14963.42
2019/8/26,3486.75,1165.81,14681.2
2019/8/27,3502.48,1186.05,14915.2
2019/8/28,3474.64,1189.72,14974.96
2019/8/29,3453.39,1192.88,15081.08
2019/8/30,3459.95,1224.27,15360.39
2019/9/2,3479.67,1275.45,15384.06
2019/9/3,3477.51,1279.4,15336.48
2019/9/4,3533.72,1265.71,15180.06
2019/9/5,3578.89,1272.5,15319.16
2019/9/6,3601.69,1275.9,15323.09
2019/9/9,3590.71,1292.9,15336.01
2019/9/10,3576.01,1279.96,15280.64
2019/9/11,3601.07,1263.41,14716.17
2019/9/12,3615.74,1267.49,14943.77
2019/9/16,3596.15,1268.41,14892.39
2019/9/17,3551.09,1230.96,14803.79
2019/9/18,3553.25,1221.44,15288.05
2019/9/19,3558.53,1243.66,15239.98
2019/9/20,3574.13,1236.57,15358.77
2019/9/23,3540.75,1226.41,15179.23
2019/9/24,3535.24,1224.08,15434.34
2019/9/25,3551.28,1198.3,15343.84
2019/9/26,3602.89,1147.69,15202.61
2019/9/27,3604.36,1152.56,15218.82
2019/9/30,3567.87,1139.38,15014.9
2019/10/8,3615.23,1126.25,15163.15
2019/10/9,3658.21,1133.99,15019.38
2019/10/10,3655.97,1144.27,15088.89
2019/10/11,3728.35,1139.73,15182.31
2019/10/14,3802.97,1157.25,15240.68
2019/10/15,3808.79,1132.36,15449.61
2019/10/16,3792.96,1123.55,15148.08
2019/10/17,3785.28,1115.08,15206.95
2019/10/18,3725.95,1098.93,15053.24
2019/10/21,3769.7,1101.23,15017.08
2019/10/22,3757.05,1105.66,15096.25
2019/10/23,3755.89,1096.14,14915.71
2019/10/24,3798.14,1100.13,14704.22
2019/10/25,3789.57,1104.62,14955.36
2019/10/28,3766.88,1123.39,15137.51
2019/10/29,3755.9,1105.42,15302.95
2019/10/30,3743.51,1091.11,15167.5
2019/10/31,3722.92,1084.83,15263.92
2019/11/1,3801.37,1089.13,15400.83
2019/11/4,3823.17,1085.66,15520.56
2019/11/5,3867.56,1088.87,15583.78
2019/11/6,3880.68,1106.55,15446.51
2019/11/7,3871.96,1098.65,15537.69
2019/11/8,3823.49,1093.06,15585.08
2019/11/11,3764.86,1065.32,15418.4
2019/11/12,3771.98,1065.83,15475.72
2019/11/13,3754.64,1059.06,15637.28
2019/11/14,3735.35,1064.48,15706.43
2019/11/15,3733.63,1055.72,15608.71
2019/11/18,3778.86,1059.86,15621.59
2019/11/19,3777.73,1076.44,15746.59
2019/11/20,3710.89,1065.94,15757.83
2019/11/21,3700.57,1078.55,15695.77
2019/11/22,3686.21,1074.77,15302.84
2019/11/25,3730.41,1063.47,15230.56
2019/11/26,3707.07,1068.72,15340.68
2019/11/27,3711.08,1064.55,15365.68
2019/11/28,3696.31,1061.85,15262.58
2019/11/29,3673.42,1065.99,14871.42
2019/12/2,3677.05,1064.87,14897.55
2019/12/3,3690.92,1074.55,14849.87
2019/12/4,3672.28,1084.19,14901.92
2019/12/5,3690.74,1092.14,14953.12
2019/12/6,3694.55,1097.11,15286.6
2019/12/9,3687.9,1093.23,15193.51
2019/12/10,3673.58,1089.66,15206.13
2019/12/11,3713.34,1087.22,15087.6
2019/12/12,3704.02,1090.44,14960.79
2019/12/13,3777.55,1098.09,15212.12
2019/12/16,3766.93,1126.73,15117.67
2019/12/17,3821.07,1139.56,15304.69
2019/12/18,3825.63,1141.72,15282.86
2019/12/19,3831.43,1140.33,15165.11
2019/12/20,3830.39,1123.98,15099.87
2019/12/23,3789.42,1100.48,15035.12
2019/12/24,3812.65,1114.26,15105.1
2019/12/25,3794.7,1117.4,14969.31
2019/12/26,3822.51,1122.01,15013.75
2019/12/27,3825.61,1119.86,15215.19
2019/12/30,3823.18,1124.14,15531.42
2019/12/31,3821.03,1126.39,15555.66
2020/1/2,3884.36,1144.33,15350.16
2020/1/3,3894.21,1166.56,15055.03
2020/1/6,3867.89,1183.36,14938.76
2020/1/7,3884.75,1189.49,15155.38
2020/1/8,3822.32,1218.7,15094.25
2020/1/9,3843.52,1196.06,15330.37
2020/1/10,3843.87,1181.06,15516.36
2020/1/13,3852.59,1187.44,15766.03
2020/1/14,3841.93,1180.35,15563.6
2020/1/15,3799.95,1167.84,15675.42
2020/1/16,3775.05,1179.21,15684.06
2020/1/17,3774.42,1173.84,15627.08
2020/1/20,3794.77,1197.58,15513.59
2020/1/21,3742.33,1184.75,15176.94
2020/1/22,3741.3,1187.48,15170.15
2020/1/23,3651.03,1162.04,14642.77
2020/2/3,3411.27,1053.19,13578.03
2020/2/4,3480.65,1041.34,13813.39
2020/2/5,3479.24,1071.56,13988.52
2020/2/6,3503.35,1101.92,14249.67
2020/2/7,3487.32,1121.65,14396.42
2020/2/10,3473.01,1132.22,14378.12
2020/2/11,3509.62,1116.74,14646.89
2020/2/12,3515.68,1136.85,14671.48
2020/2/13,3486.99,1123.83,14530.04
2020/2/14,3517.24,1134.86,14499.72
2020/2/17,3579.72,1206.92,14641.94
2020/2/18,3543.36,1246.9,14571.6
2020/2/19,3541.11,1231.31,14739.46
2020/2/20,3586.75,1246.28,15138.5
2020/2/21,3573.6,1273.2,15089.55
2020/2/24,3531.85,1282.7,14849.29
2020/2/25,3496.22,1283.99,14703.81
2020/2/26,3509.52,1262.1,14572.36
2020/2/27,3527.3,1254.57,14829.07
2020/2/28,3433.57,1171.96,14291.07
2020/3/2,3496.65,1214.52,14659.24
2020/3/3,3502.86,1237.21,14867.32
2020/3/4,3509.91,1244.65,15073.34
2020/3/5,3604.4,1257.63,15692.49
2020/3/6,3547.4,1247.14,15432.15
2020/3/9,3456.82,1179.3,14863.04
2020/3/10,3494.57,1229.46,15301.11
2020/3/11,3465.33,1235.47,15265.41
2020/3/12,3447.67,1208.34,14940.74
2020/3/13,3416,1205.5,14687.2
2020/3/16,3312.67,1142.74,14105.94
2020/3/17,3306.71,1143.92,13912.18
2020/3/18,3230.25,1112.84,13561.71
2020/3/19,3138.47,1127.37,13288.29
2020/3/20,3211.59,1135.64,13772.91
2020/3/23,3136.92,1077.2,13456.01
2020/3/24,3219.61,1094.27,13987.33
2020/3/25,3275.35,1112.31,14323.55
2020/3/26,3294.74,1094.81,14321.07
2020/3/27,3304.47,1094.27,14509.07
2020/3/30,3290.75,1084.09,14401.85
2020/3/31,3255.7,1073.04,14900.04
2020/4/1,3253.66,1066.83,14728.91
2020/4/2,3274.55,1098.06,14979.25
2020/4/3,3253.22,1088.25,15006.97
2020/4/7,3291.34,1131.55,15455.44
2020/4/8,3271.84,1154.22,15387.54
2020/4/9,3272.11,1155.26,15494.84
2020/4/10,3268.9,1139.44,15504.03
2020/4/13,3245.75,1137.31,15449.42
2020/4/14,3284.92,1149.92,15719.63
2020/4/15,3266.61,1136.03,15629.25
2020/4/16,3257.71,1147.58,15585.94
2020/4/17,3284.77,1142.44,15766.21
2020/4/20,3274.7,1162.18,15869.78
2020/4/21,3261.44,1163.5,15612.88
2020/4/22,3258.7,1167.39,16098.32
2020/4/23,3246.58,1177.75,16183.21
2020/4/24,3234.24,1155.7,16217.14
2020/4/27,3296.73,1132.48,16316.88
2020/4/28,3304.1,1110.32,16591.43
2020/4/29,3383.09,1122.49,16261.25
2020/4/30,3391.71,1152.28,16190.67
2020/5/6,3356.24,1175.07,16489.76
2020/5/7,3338.16,1173.56,16698.83
2020/5/8,3371.6,1188.36,16835.06
2020/5/11,3369.94,1193.28,16788.88
2020/5/12,3344.36,1194.03,16970.29
2020/5/13,3342.07,1193.01,17259.13
2020/5/14,3306,1197.12,17141.43
2020/5/15,3302.33,1197.44,17001.66
2020/5/18,3305.48,1222.71,17444.03
2020/5/19,3328.35,1225.15,17529.86
2020/5/20,3345.21,1190.41,17420.41
2020/5/21,3335.7,1170.35,17530.47
2020/5/22,3274.96,1154.86,16984.71
2020/5/25,3272.45,1141.01,17428.87
2020/5/26,3281.41,1155.72,17542.37
2020/5/27,3296.11,1151.11,17383.8
2020/5/28,3339.07,1150.27,17388.77
2020/5/29,3316.86,1157.28,17659.54
2020/6/1,3364.69,1180.69,18222.96
2020/6/2,3384.52,1189.39,18007.08
2020/6/3,3388.41,1178.59,17900.85
2020/6/4,3377.4,1171.97,18120.99
2020/6/5,3383.08,1167.65,18205.99
2020/6/8,3387.18,1169.78,18178.08
2020/6/9,3392.4,1167.06,18341.19
2020/6/10,3367.98,1167.25,18350.41
2020/6/11,3327.3,1168.91,18048.49
2020/6/12,3329.8,1170.48,18204.03
2020/6/15,3284.17,1155.66,17903.21
2020/6/16,3311.62,1167.46,18170.6
2020/6/17,3310.05,1186.21,18146
2020/6/18,3298.91,1167.12,18197.08
2020/6/19,3304.2,1173.93,18629.84
2020/6/22,3286.49,1188.61,18503.19
2020/6/23,3270.58,1185.93,18965.08
2020/6/24,3300.63,1174.59,18911.92
2020/6/29,3292.11,1177.58,18960.81
2020/6/30,3287.23,1191.47,19176.57
2020/7/1,3351.3,1195.47,19824.63
2020/7/2,3427.52,1210.51,20243.7
2020/7/3,3520.12,1219.56,20121.1
2020/7/6,3841.28,1289.62,20692.89
2020/7/7,3827.9,1313.26,21422.13
2020/7/8,3839.27,1421.11,21520.92
2020/7/9,3793.77,1471.66,21804.04
2020/7/10,3621.89,1448.02,21970.59
2020/7/13,3600.14,1479.14,22831.03
2020/7/14,3533.29,1494.72,22766.08
2020/7/15,3438.06,1432.82,23024.98
2020/7/16,3419.02,1377.95,21149.77
2020/7/17,3422.18,1419.33,21521.18
2020/7/20,3514.19,1530.91,21365.92
2020/7/21,3481.07,1487.02,21807.22
2020/7/22,3469.19,1507.41,22130.83
2020/7/23,3408.57,1569.73,22193.08
2020/7/24,3320.76,1532.45,21155.58
2020/7/27,3294.48,1507.3,21453.33
2020/7/28,3310.51,1526.36,22176.9
2020/7/29,3354.7,1558.05,22329.98
2020/7/30,3319.31,1536.92,22418.48
2020/7/31,3320.91,1522.65,22491.48
2020/8/3,3346.55,1641.32,22593.94
2020/8/4,3435.41,1596.76,22515.34
2020/8/5,3391.71,1661.18,22633.65
2020/8/6,3420.14,1730.63,22201.77
2020/8/7,3389.09,1775.35,22011.27
2020/8/10,3422.78,1744.35,22069.85
2020/8/11,3432.54,1738.09,22197.24
2020/8/12,3453.4,1651.81,21849.5
2020/8/13,3434,1667.12,21904.94
2020/8/14,3485.62,1720.05,22376.67
2020/8/17,3583.61,1771.03,22801.45
2020/8/18,3550.46,1771.4,23121.14
2020/8/19,3519.08,1723.75,23143.04
2020/8/20,3466.81,1660.02,22735.76
2020/8/21,3475.56,1653.06,23138.28
2020/8/24,3453.71,1660.35,23422.24
2020/8/25,3459.7,1600.24,23889.86
2020/8/26,3431.21,1555.11,23905.06
2020/8/27,3426.68,1576.45,24256.84
2020/8/28,3505.86,1616.12,24926.93
2020/8/31,3479.32,1628.61,25199.64
2020/9/1,3471.44,1670.7,25116.8
2020/9/2,3450.77,1646.86,25132.59
2020/9/3,3434.93,1626.72,25079.33
2020/9/4,3420.9,1618.69,24432.12
2020/9/7,3408.43,1573.93,23766.9
2020/9/8,3463.34,1575.38,23475.46
2020/9/9,3444.96,1571.51,22878.3
2020/9/10,3437.09,1499.67,23104.8
2020/9/11,3410.1,1499.17,23515.16
2020/9/14,3422.64,1501.6,23726.21
2020/9/15,3433.22,1521.1,23859.44
2020/9/16,3444.72,1492.55,23440.72
2020/9/17,3434.54,1500.22,22915.54
2020/9/18,3507.18,1539.21,23305.35
2020/9/21,3480.74,1587.34,22922.15
2020/9/22,3441.41,1551.44,22834.08
2020/9/23,3423.86,1548.06,22777.04
2020/9/24,3381.05,1496.86,22411.95
2020/9/25,3377.33,1506.49,22487.36
2020/9/28,3391.12,1480.29,22682.41
2020/9/29,3349.31,1542.66,22702.12
2020/9/30,3342.61,1550.18,22885.93
2020/10/9,3351.44,1580.59,23358.69
2020/10/12,3443.47,1644.82,24280.41
2020/10/13,3445.82,1651.63,24318.94
2020/10/14,3446.94,1635.74,24212.99
2020/10/15,3498.56,1625.49,24138.49
2020/10/16,3558.04,1601.84,23952.75
2020/10/19,3572.96,1607.47,23638.93
2020/10/20,3555.8,1608.74,24271.89
2020/10/21,3620.44,1563.15,24297.67
2020/10/22,3613.31,1547.13,24425.64
2020/10/23,3635.83,1528.14,23843.18
2020/10/26,3567.75,1530.64,23435.03
2020/10/27,3554.01,1547.4,23482.76
2020/10/28,3517.36,1534.1,24088.81
2020/10/29,3518.72,1511.57,24556.99
2020/10/30,3488.71,1485.04,23838.89
2020/11/2,3485.57,1470.61,23863.43
2020/11/3,3525.76,1517.39,24176.6
2020/11/4,3584.23,1525.72,24323.04
2020/11/5,3569.49,1523.59,24733.64
2020/11/6,3556.98,1497.14,24527.81
2020/11/9,3589.35,1526.87,25013.3
2020/11/10,3616.04,1505.1,25160.81
2020/11/11,3643.69,1473.51,25092.46
2020/11/12,3602.41,1464.82,25225.71
2020/11/13,3533.6,1502.17,24684.17
2020/11/16,3549.98,1507.9,25207.32
2020/11/17,3595.62,1480.06,24958.39
2020/11/18,3678.55,1492.38,24726.29
2020/11/19,3706.25,1558.19,24994.28
2020/11/20,3683.75,1567.19,25264.24
2020/11/23,3760.22,1574.46,25644.88
2020/11/24,3739.4,1581.07,25500.04
2020/11/25,3708.06,1540.12,24758.14
2020/11/26,3760.59,1580,24784.8
2020/11/27,3845.24,1601.66,24885.45
2020/11/30,3807.35,1604.63,24387.01
2020/12/1,3916.87,1633.79,24749.02
2020/12/2,3899.86,1631.63,24808.13
2020/12/3,3893.94,1599.23,25037.35
2020/12/4,3842.09,1619.19,25800.35
2020/12/7,3755.5,1619.24,25990.52
2020/12/8,3732.62,1611.31,26333.24
2020/12/9,3731.46,1582,26190.89
2020/12/10,3708.9,1580.59,26229.05
2020/12/11,3662.08,1547.34,26107.23
2020/12/14,3706.37,1575.49,26676.45
2020/12/15,3677.3,1578.93,26598.56
2020/12/16,3682.82,1565.26,27075.37
2020/12/17,3703.23,1556.4,27394.88
2020/12/18,3653.22,1557.74,27123.02
2020/12/21,3640.33,1612.34,27364.58
2020/12/22,3578.69,1581.63,27607.41
2020/12/23,3588.09,1656.02,27421.13
2020/12/24,3607.63,1668.92,26935.97
2020/12/25,3613.38,1684.55,26937.91
2020/12/28,3638.16,1681.49,27692.24
2020/12/29,3647.63,1665.34,27500.41
2020/12/30,3657.76,1700.97,28259.21
2020/12/31,3696.86,1779.43,28773.45
2021/1/4,3627.68,1886.35,29474.15
2021/1/5,3583.58,1900.57,30855.62
2021/1/6,3672.97,1930.72,31159.02
2021/1/7,3713.91,1963.24,31514.54
2021/1/8,3732.77,1902.14,30683.96
2021/1/11,3775.58,1856.6,29983.16
2021/1/12,3831.14,1930.21,30812.04
2021/1/13,3826.59,1904.93,30578.08
2021/1/14,3821.72,1794.39,29819.9
2021/1/15,3931.19,1777.42,29135.73
2021/1/18,4018.47,1814.72,28934.51
2021/1/19,4017.06,1780.57,28396.38
2021/1/20,3975.32,1805.8,28658.92
2021/1/21,3994.05,1820.01,29316.05
2021/1/22,3923.26,1820.52,29277.35
2021/1/25,3932.94,1813.35,30692.37
2021/1/26,3916.3,1688.49,30051.15
2021/1/27,3971.35,1680.8,29302.7
2021/1/28,3931.68,1650.92,28880.12
2021/1/29,3937.42,1597.85,29185.15
